,user_id,created_at
1,cfe705e9-0671-4859-a9f0-82e19b2b2955,2020-08-02
2,7603f064-8533-4320-8253-547c2d9c6668,2020-08-02
3,df567f86-f8c8-4b74-88fa-cb6fb556e4dc,2020-08-02
4,c79bb5de-5be9-4cd8-9c28-1890f8ba030c,2020-08-01
5,ee93bc3e-885e-46ce-8b9f-1c8376712ee0,2020-08-01
6,23382a7a-12c6-4f08-a4e6-f08a4f7ef400,2020-08-01
7,4d5bcd6c-bb29-4a1d-a8e4-54b352ddb9c2,2020-08-01
8,0a766115-bd10-40cf-a958-4044611bdad5,2020-07-31
9,26a02e61-8a16-49ac-9225-f9fffd75b332,2020-07-31
10,d34ac723-9e4f-4376-8ccf-c953f4b1e23f,2020-07-31
11,a510b3d7-fb89-4735-9b20-f9ef27d54255,2020-07-31
12,cc3e9bdc-e19b-4b0e-9b0c-0442d93da184,2020-07-31
13,a2693a55-2376-4ea3-b2e7-b1298b633dc7,2020-07-31
14,1dcd71db-b4c2-4639-95d5-7560d5a3ba1a,2020-07-31
15,258e1e8a-af1a-4966-b841-4baf32716ef7,2020-07-31
16,47d7090a-6af7-4d17-b1ad-a044770b44bb,2020-07-31
17,d8d243d7-9637-430e-9905-d223cd7b01c1,2020-07-31
18,fb3a7060-d66a-4f93-893f-d663d8d507e3,2020-07-31
19,d605ba1b-8623-4deb-968f-f2f2b0ffb941,2020-07-31
20,2a0f7a84-4f94-4318-a233-4c33b97af37d,2020-07-31
21,a151f881-150e-4b13-a5ff-8336f8b58438,2020-07-31
22,84a66b36-bf02-48ba-8f5f-2fe4faf78006,2020-07-31
23,02575645-b6d3-4102-aad7-d94188e71471,2020-07-31
24,c2b5dce9-0afe-433f-986d-532db73bc560,2020-07-31
25,bad095f5-1980-4f9d-82b3-5299e43ab43d,2020-07-30
26,e840d3d1-da3d-4df5-bf8b-b887c7131a2e,2020-07-30
27,83f665d3-bd0e-4160-83ad-edcd3649b8b0,2020-07-30
28,a45710b0-3b84-4522-97f8-dd95b958f3c8,2020-07-30
29,16353e67-d7f1-4fa2-8a6b-a72f464d56d7,2020-07-30
30,567d6e86-c662-4b5d-9d55-59f63ccda5c6,2020-07-30
31,809abdee-d8bb-42ea-977a-f27d8d0c74c6,2020-07-30
32,786c68aa-bd34-4b23-a6e6-827135f5b1db,2020-07-30
33,329df42c-847a-4b41-a2fd-da27d016ee3e,2020-07-30
34,3a6b235d-438e-4ad5-84dc-49a7dbb06034,2020-07-30
35,0533a783-5c74-4151-a943-3cebe80d5c06,2020-07-30
36,387453f9-7875-4140-b47f-5cc454f2d180,2020-07-30
37,091fcb5d-9ca3-468d-8117-229d6b24c443,2020-07-30
38,33888594-1034-4b44-ab14-8659d2395155,2020-07-30
39,f2efd11c-bac2-467f-aad2-78734183ab01,2020-07-30
40,a696debc-5f8e-4c63-b4be-4d841058eb99,2020-07-30
41,01e6933d-53dc-4256-8f59-5e0ac03e241d,2020-07-30
42,44ecbd37-e1b3-4e76-9008-365374ccca51,2020-07-30
43,52ec9dac-ff27-455d-a7e7-51290aca6ea6,2020-07-30
44,ff8de82b-5a09-409f-ae0e-5b58e6b6d860,2020-07-30
45,07a409b7-6790-421f-8419-9dbac92bade4,2020-07-30
46,40272d56-294e-49af-95f4-30417d4ca9aa,2020-07-30
47,4233a41a-3f6f-4e11-bc15-1423fcac215d,2020-07-30
48,40e5ee66-f6f3-4d75-b33c-a2308aa62c71,2020-07-30
49,d06fd8a6-1664-4858-a491-e172959b88cd,2020-07-30
50,3c1af03b-0ae0-456d-8882-bee90d570878,2020-07-30
51,361024f5-a489-4abf-a7c6-de54bf75aac4,2020-07-30
52,525643b9-827a-49ce-8e1e-aed5de5d922e,2020-07-30
53,2e6664ae-74d9-4809-b534-cc18faf9ef85,2020-07-30
54,6de4a76f-fded-461c-99fc-5116c485e053,2020-07-30
55,3d7fa4b4-c20f-4b4b-8cf0-a3246d14e94e,2020-07-30
56,728d869f-f5f7-414d-9382-f8f21fe0691c,2020-07-30
57,cb875522-92ba-44a9-b3db-32b0999d8085,2020-07-30
58,900aa2e1-4960-4cf7-9ab2-36e9b492f235,2020-07-30
59,53e27694-cf03-4b71-a846-ee1ee6a4e9e5,2020-07-29
60,1360a0b9-bfb7-4682-8dba-e1bd21111957,2020-07-29
61,6e0c5c36-d062-4ae8-8b61-535b8e5d6593,2020-07-29
62,6d374a8b-293d-497d-8b35-006a60df3f7a,2020-07-29
63,3835e011-6a0a-44e6-8397-69ca3dac3d5b,2020-07-29
64,ab7cfe03-6e96-4533-9929-554af5552b8e,2020-07-29
65,ea39f00e-46cd-4d55-a3f9-29989efa9980,2020-07-29
66,71fa049d-00af-4d87-a2dc-f9d404f8a9ff,2020-07-29
67,b1a75bfb-e432-4941-b9b1-94124eb66e8e,2020-07-29
68,77908638-8894-4ef5-8e28-745752b46250,2020-07-29
69,506ad6fc-1c5a-4413-8afb-8c8c02676c2e,2020-07-29
70,804b685d-7d03-411f-b775-2bd4d68841a5,2020-07-29
71,2d7c6fb3-d175-45e0-a616-e911aa20d2d4,2020-07-29
72,fb6538db-445e-459d-8a70-4a0f39034590,2020-07-29
73,ac45cd06-42de-4f3b-88ef-cf78aeedabfd,2020-07-29
74,3af740cc-c8e8-4f21-8fd6-c8758e9b8b94,2020-07-29
75,47911fdd-c61d-46e0-b1b0-79fcce2913d1,2020-07-29
76,cf43620b-009a-4c5c-abd6-b1847107302f,2020-07-29
77,28f0245a-c472-4141-927f-d839b90468ab,2020-07-29
78,dc9ed933-b889-4a96-8a4d-abcb50539423,2020-07-29
79,6a7ed2ef-43d6-41d2-ba8c-79137df59365,2020-07-29
80,3b65754e-2468-476c-ac25-74944e209d17,2020-07-29
81,8961709d-7727-44ef-8398-9622c3444f40,2020-07-29
82,c8c43794-28b3-4932-a774-f82e336dce52,2020-07-29
83,7e2e922b-acce-4e95-99f8-fdb9b29782fb,2020-07-29
84,78b0ea31-b8c8-45f2-8c9a-8aa594eb57e9,2020-07-29
85,5c9c9e77-a3f3-4b4a-98e3-7e19c7a579c2,2020-07-29
86,494b1178-3341-4bd6-b7e5-ce4d9573fff6,2020-07-29
87,d09aecd9-a793-4b3f-9ee2-dddb05585b67,2020-07-29
88,04cb07b4-678d-4c58-a7af-9c0645b5f233,2020-07-28
89,8340a4db-b914-4db8-be59-8705ffe0ce8d,2020-07-28
90,8c635245-be86-4fa2-8b47-43861b269cc8,2020-07-28
91,8b3eafaf-132b-4ecd-adeb-999b4f3df173,2020-07-28
92,eb3bdf7b-b44f-4daf-9a75-e7526a75f2c2,2020-07-28
93,45db3f87-3d39-4241-98b0-00c6c2958347,2020-07-28
94,47681b9f-5f0a-44c8-b45c-b2966c9b75ff,2020-07-28
95,9ed827d7-3610-40b9-b46b-ee6b5bfc6199,2020-07-28
96,9106f2d8-d1d7-4a3d-9f34-7c3dc17da808,2020-07-28
97,d9085d42-3ff8-46cd-a7b0-d6e78220c3e8,2020-07-28
98,1338383e-af37-4c52-8cd8-75ea206653fb,2020-07-28
99,09ff7a35-c08b-45c1-950c-089dc8488a74,2020-07-28
100,7b8ec795-b3e5-4442-8f35-2ef889a4a037,2020-07-28
101,32ad167e-1d8c-44f0-b8c3-576efc7d7506,2020-07-28
102,bc79a528-6f72-4c4d-a905-d769666a9f16,2020-07-28
103,c718a381-0dcc-436e-9102-8fd46d9e0a62,2020-07-28
104,048ef1be-70c6-49f1-9761-c292428c102b,2020-07-28
105,dd093f69-2631-48d2-9fb0-241e2c46bb4b,2020-07-27
106,c234b6d5-96ce-4e93-b74a-00b4911d7beb,2020-07-27
107,0c9708d5-f990-44ea-b459-d7b0c90ef9eb,2020-07-27
108,55c2c968-4f7c-4882-9721-8d3c2ca8f5ea,2020-07-27
109,3614ef3c-3508-4d60-a56a-e62cfd3515d5,2020-07-27
110,a9693f5b-df07-4b0a-a568-bf48c43d054e,2020-07-27
111,b3a83365-63b8-458f-b9fe-8791ce0ad04e,2020-07-27
112,a875cff8-ad07-4bb4-913d-1b911c52a1bb,2020-07-27
113,83f88879-1784-4cb7-b21b-8667b4d743ef,2020-07-27
114,62c0b553-907e-4d2c-b4ba-1af588b4feaf,2020-07-27
115,3d197c14-aaad-4d26-85bc-542812e49f15,2020-07-27
116,197473dc-e30b-4855-9783-30894906628c,2020-07-27
117,9a013422-fff8-4577-bdd4-62a765dce6b8,2020-07-27
118,5f79b082-c1c7-498e-9095-febc880b6e87,2020-07-27
119,c7e70232-d7ed-4b71-923e-88bf8e3279db,2020-07-27
120,04ed7dd0-62e0-4396-b9eb-e287a7ca965c,2020-07-27
121,815a65e9-3e1f-406a-9ccd-34e93b8d3596,2020-07-27
122,43c9968f-5253-4eb1-8757-52f7d4a6994d,2020-07-27
123,50295538-848f-481a-813a-acf07e6d6411,2020-07-26
124,97e0f100-d8d2-4cf3-8f7b-54fa87a288ab,2020-07-26
125,bca9dd77-c710-4b94-8b96-3eb077471fbd,2020-07-26
126,287d9baa-3162-404c-8625-60ce7931fa32,2020-07-26
127,2156b61b-902c-4edd-bce0-c221cc3f01de,2020-07-25
128,b63de1c1-fe12-440e-ba7d-819a0eabe07e,2020-07-25
129,89deae1f-f4d7-4485-a464-1298ad3ee9d9,2020-07-25
130,1398a474-85de-4148-a4a2-ae435a18e424,2020-07-25
131,2dd0597d-f1e8-4d74-93e0-487b851fa66c,2020-07-25
132,a0e47f30-7381-4488-9664-beaeda21ec96,2020-07-25
133,10fb0d2f-4bc9-4902-9d69-70bb7e9e3853,2020-07-25
134,ad4f1897-31fc-4171-b0d7-903be1e42ab2,2020-07-24
135,505fcdc3-a99c-4a9d-9387-26e5faf1e98e,2020-07-24
136,5b758b48-06cb-44e7-ae98-b1f8af106bb6,2020-07-24
137,d00bb6c0-14ab-480e-9ddb-c9b384cc2877,2020-07-24
138,148a8dfd-c2fb-4af9-b791-5bdf42919d11,2020-07-24
139,5f6f6473-98eb-4dae-8908-1537cddddf97,2020-07-24
140,eb31f415-6d47-48ff-8799-c442a7397e71,2020-07-24
141,17ea6c9b-9658-4a40-8754-ece6f5e5a977,2020-07-24
142,c1124a8e-47a3-41b9-88fb-13668625a055,2020-07-23
143,b710a949-12cf-44c4-aa4f-bb3fcca3c1aa,2020-07-23
144,f6d4d2c9-e890-41e2-a80d-db8564b745bb,2020-07-23
145,d03da7b5-e985-4817-adcf-72c5759361a6,2020-07-23
146,7dad421e-7623-4741-af99-e69659fdca3f,2020-07-23
147,51583a50-1011-4f1e-9730-5411e1f45838,2020-07-23
148,526479f8-583d-43e8-b8f3-3896a21aaf50,2020-07-23
149,8f4ad440-beaa-4397-9a50-41c7d0686554,2020-07-23
150,7ecbebe0-1976-4f28-9985-db231a32ff3c,2020-07-23
151,6fcfb4a3-5395-4c20-a7d6-3168fae347fb,2020-07-23
152,f5a52a26-d4cb-4f83-ae04-91c1292ffd5c,2020-07-23
153,ff6d8f34-d977-4cf1-9ebe-31ef1cc2e013,2020-07-23
154,9b8f26a8-ca82-429b-b442-ec54f06af5dc,2020-07-23
155,345d58d1-da82-4565-a89a-4d37d7462c15,2020-07-23
156,9629368d-2540-4f01-a2b4-47159c3bb902,2020-07-23
157,977b4b96-8b66-4a6e-8024-4b91490251f3,2020-07-23
158,4e2d0705-ac96-4caf-923d-66ff649d554f,2020-07-23
159,0aecf3b0-50a3-4b8e-9fa2-b4b7080ae680,2020-07-23
160,8fb7d3c2-3e73-4f4e-a04a-d1c5341fb73a,2020-07-22
161,b1cdc8c5-9223-4fe0-a252-91432d2568f7,2020-07-22
162,9b766315-4dbb-48d7-983b-8c204cf9c270,2020-07-22
163,f0b386f4-a23f-4bad-9303-0c63b969cfa0,2020-07-22
164,4a30de71-6729-4a32-b59a-1bbcdc4d3c8b,2020-07-22
165,91dbdd05-67b1-47c6-803f-b125004b6ed7,2020-07-22
166,4343b157-b700-4e58-9f34-90c333973759,2020-07-22
167,b2a26727-8944-40fe-992e-b7aa6d741e47,2020-07-22
168,9358de64-7844-43bc-9faf-4625a762f284,2020-07-22
169,8b3ff4a4-36c9-4549-8339-54cd4ee75f6a,2020-07-22
170,81a0aa93-748c-43d5-803a-7298ade0109d,2020-07-22
171,3faf34c9-84a8-4a41-bc4d-062a7f8597f2,2020-07-22
172,f1a03a5e-53db-4e10-806b-6bd5288d6616,2020-07-22
173,5f7b6cd7-d0db-43a1-bc3f-5727109f270c,2020-07-22
174,b09e4d81-9ba7-4879-b55b-16fc1e889a9a,2020-07-22
175,c400cc5f-e7ae-4ece-be9d-8bad7827e4e8,2020-07-22
176,5b933b92-3535-42e7-ba7d-7257e485b412,2020-07-22
177,c2e1cfcc-6520-4ff8-8f05-cca8ca78851b,2020-07-22
178,700813ce-983a-4093-9b2b-1f7c347b5af5,2020-07-22
179,d5a9ee94-29ef-4280-9752-50ee09563afd,2020-07-22
180,2666f1fb-bbf0-48fe-8373-6f604dc2a989,2020-07-22
181,f2f3d925-8b32-438c-ac73-36d09194f28c,2020-07-22
182,1c757a03-87eb-4dcf-b90b-a889dc68a623,2020-07-22
183,4b7060dc-c5fc-4339-a827-c3960ea922ad,2020-07-22
184,913b5e4b-90c7-4635-be9d-0dfeed508f5f,2020-07-22
185,ccf97345-31b7-40b0-bde9-af717ab0c4d4,2020-07-22
186,1802f818-f9f6-4ea4-a899-15a8cac64415,2020-07-22
187,b05324f9-a708-4853-b092-9184f2fba19b,2020-07-22
188,c044929f-f88c-4ca8-8c4f-7d078e40c4e6,2020-07-22
189,91ffc4b2-6f21-4d1f-b892-3b2ed06e2194,2020-07-21
190,fa65e3b4-08ba-4017-92cd-bb5058853597,2020-07-21
191,d9f52cdc-5207-473d-88cd-b69f9f0a52c5,2020-07-21
192,cd0fac1a-d00c-4deb-84b8-31a50f8b4273,2020-07-21
193,4dd0cd2d-6c24-4db3-a47b-7c03fb094b85,2020-07-21
194,5b1bbd1f-7a0f-4eb0-83db-f1896f15e188,2020-07-21
195,e7d96bf0-0e26-474d-b24f-814e8e9e2dc5,2020-07-21
196,35990896-e1fe-49b1-a2ab-381c965cfa93,2020-07-21
197,ac6f5541-eaae-422d-9d8e-f04ff038c6a3,2020-07-21
198,c5cd120d-f6af-4807-b1d7-d4cdb1d73338,2020-07-21
199,71273959-980f-4e1b-bdec-6e17b280dd16,2020-07-21
200,1ffb709f-a657-4e08-a763-565369b37c4e,2020-07-21
201,73cecd08-bada-40a1-a6fc-b970e3a6f1f6,2020-07-21
202,af80c38c-0b0c-45c9-93c3-9ddaecd10d7e,2020-07-21
203,a4da2d9f-51e6-4b8e-9acc-3ada75f1095b,2020-07-21
204,27f2de6b-4fbc-4fbb-9dcf-4defe3d3fd0d,2020-07-21
205,a8431896-9210-4cb0-af67-b8d21509dd58,2020-07-21
206,87140fa9-9e10-4dac-b9e2-8fe4b617d169,2020-07-21
207,8ec5ec94-a6c4-471a-b1bd-d9dc42655660,2020-07-21
208,467385a2-7bbe-43ac-9948-80243e6ee9f5,2020-07-21
209,efd31dd1-0998-45f1-b4cb-aed9b06036a2,2020-07-21
210,b081e55a-a6ed-4213-9fbf-0f370840caa7,2020-07-21
211,ba6c3f75-91c2-4263-9013-43268ad9fbc5,2020-07-21
212,a79f5b44-65e8-4e5e-af7d-07d583fb429c,2020-07-21
213,94708d8e-0313-4240-b8e9-f3cd7de72b04,2020-07-20
214,23d4b48b-b32f-400e-ba23-4b08b5353aab,2020-07-20
215,83ece547-6ddd-45a7-9534-d6d2d56de0c7,2020-07-20
216,81668e6a-bf30-42be-8749-f754ec637f9a,2020-07-20
217,a6315de9-2109-4948-9ae0-c7f2500f5b2d,2020-07-20
218,c35f84e1-2ef2-4258-a950-f046132094fb,2020-07-20
219,679816fa-f476-4ddd-9673-b9aa2e2424ff,2020-07-20
220,5c475641-d6c4-4fe7-bcd5-bdbf6c0543be,2020-07-20
221,d1d96645-5dd9-4689-897d-a1a46a562894,2020-07-20
222,8cb5fd2f-5ba6-495b-9cda-8a4412ff12e7,2020-07-20
223,5743e0df-f049-4238-9417-74098c9565be,2020-07-20
224,56d7cf3f-33e1-4743-b874-eb8012f9b41a,2020-07-20
225,1b2246a6-1089-4bfb-a787-5b643007f42f,2020-07-20
226,66e2ac54-3e16-4aba-a90b-a22e874aaf2e,2020-07-20
227,4f9218be-c172-4809-9efd-97ef3c45dd49,2020-07-20
228,4b6058bc-f350-4b81-8c6e-074e5892327f,2020-07-20
229,dd588b4b-7fee-4ddd-b576-cebb5511b705,2020-07-20
230,a1f49cae-188d-4e5b-97b1-211c486aa2f1,2020-07-20
231,2596a290-cf89-42d0-9084-00fb3e93bfee,2020-07-20
232,5b6aa3a7-1c9d-4ab6-8a46-ff110891f7da,2020-07-20
233,884964a7-797a-4fd4-8257-17b119c4c954,2020-07-19
234,935e8922-b4ac-418a-afa7-6e6a1d2c640d,2020-07-19
235,bfca0686-80e8-487c-829e-b384041878f1,2020-07-19
236,9f741861-a3a1-4655-9496-c0f4dc007172,2020-07-19
237,d1e24132-4671-44b0-8921-8b23b338d522,2020-07-19
238,db2780e3-233b-46d0-b033-a7de56fc0bf8,2020-07-18
239,e6050245-2006-47df-8d4b-d88c476eceb5,2020-07-18
240,fe6d1f62-3d9c-403a-bf1b-d398e0005482,2020-07-18
241,08ac4554-581e-4abc-bd1f-671be6c141f9,2020-07-18
242,a1590698-62da-4b8b-9707-9e8437c36c39,2020-07-18
243,681c8741-a936-46d4-ae51-a12f75c578fa,2020-07-18
244,8f7d770a-2535-48bb-b363-0fa6cf3110ae,2020-07-18
245,aba2f053-b1fd-40ad-86b4-c04ccf353e0b,2020-07-17
246,a3a099e2-b311-4161-9f48-ec97e37abb00,2020-07-17
247,9af309d9-05da-4794-8d33-71418d06a99c,2020-07-17
248,0d35677b-c41f-42b2-9367-d69cba489bf7,2020-07-17
249,247e347d-4a02-43e5-b1fb-96719015bf62,2020-07-17
250,9e99e09f-9990-4063-8100-72c531f29ae7,2020-07-17
251,6a5b6b5c-de97-4de2-a6eb-40f85a061475,2020-07-17
252,e801f421-0790-4abd-87da-d38e89430a6c,2020-07-17
253,7de5cc64-a7a5-45a1-aebf-0279a3c68cc5,2020-07-17
254,ff1be381-4bac-464c-a0eb-1519a93db98d,2020-07-17
255,7518a957-425a-4f68-9af7-235f9e684972,2020-07-17
256,57e90737-9f43-49e7-a658-3fb7023876d5,2020-07-17
257,f1c01996-fe05-40ec-843d-96f46ea767c1,2020-07-17
258,b1cb0b22-fd5a-4688-b497-e6ed164db484,2020-07-17
259,008b6a54-618f-4c83-bd23-19151c8c6218,2020-07-16
260,7d5e4e67-ebbe-4f7d-a342-10fd805891e2,2020-07-16
261,f98f1358-9c66-491d-a757-f037920ba4d1,2020-07-16
262,f0a5aeb8-5604-4e51-a136-dc6aedfc5755,2020-07-16
263,288ef65b-739b-4033-b655-161dec1430c6,2020-07-16
264,513e042a-fd81-49a0-9737-b38640b4f31f,2020-07-16
265,13ac3eab-cb82-4475-84c2-8adb95c6206c,2020-07-16
266,977c7c40-d916-4f77-8cbe-217f683343df,2020-07-16
267,fa69f5ed-4a98-4151-a09d-876bb0a9c181,2020-07-16
268,6e95a381-638c-44ce-b80c-81b761d3db53,2020-07-16
269,84376479-1211-45b9-a13d-e39f1443b568,2020-07-16
270,9f2e3d77-6111-4b1c-bed2-e4e0ab465bed,2020-07-16
271,d57c692c-0754-41bd-9f6e-7586640c3149,2020-07-16
272,66348d49-c56f-4e57-a90f-4bb4fb71b36c,2020-07-16
273,0699ad76-5644-41f1-af6d-88a40dd54327,2020-07-16
274,770e4cc9-1c5a-42a1-87e3-9c91ebfc721e,2020-07-15
275,100a692f-e2be-431d-85db-e9eea47cdf32,2020-07-15
276,aac5f9b5-c819-4a07-b561-56d246125155,2020-07-15
277,03072a92-2d80-40c1-b65a-ed1150ab0028,2020-07-15
278,7701bb1d-285f-4de5-b63a-f005b119f3ca,2020-07-15
279,af24a911-710b-46ed-b43c-787b20d1930a,2020-07-15
280,6780edf1-08ad-4690-a9a6-9f8ad9d51198,2020-07-15
281,95a3f19e-0f29-4ec7-96fe-dc5208874728,2020-07-15
282,d4cbb4d1-36f2-4b07-93c4-98e4b0a8e388,2020-07-15
283,ef5a1949-0ffb-4787-ad73-dea807a19752,2020-07-15
284,6351140d-c815-4f5e-be26-d3962fecd608,2020-07-15
285,674ea7e2-6058-46f2-bd8a-bc56f81c5522,2020-07-15
286,b2723a50-96fd-4f73-86ab-ecfc19aaec68,2020-07-15
287,330dfc37-8f1c-4b2e-ba77-249cee67eb7d,2020-07-15
288,320518ec-7c54-4cc1-bb8d-18315ba34a49,2020-07-15
289,2dfc4562-fbd1-4472-81f0-ed40e4224ea8,2020-07-15
290,f68c671b-7236-406e-8047-59e19d7f0e19,2020-07-15
291,2ea76d45-739a-4630-9bc5-ae8b6b86cf4a,2020-07-15
292,ff2cefab-1b45-4ac2-84dc-aed353b6acca,2020-07-15
293,e13ded3b-2e30-42b9-8080-2983237bec57,2020-07-15
294,cf217427-53d0-40f4-85f8-7cabf5397766,2020-07-15
295,f119d02f-4b01-4631-8a04-ee17bb871fd2,2020-07-15
296,3a1effba-f8b3-4417-b56a-32c4ed0ed387,2020-07-14
297,0dd6bcc7-f015-48f6-8522-e8fdf6fb272d,2020-07-14
298,6d64d37d-6fc7-4234-b4d0-809e10621191,2020-07-14
299,6cdcf86b-9284-4fe7-8cf3-e0abdae9f072,2020-07-14
300,cd919954-8dc1-4f5d-9aed-ef533a84444b,2020-07-14
301,6dd606df-6eda-4ee1-af57-9d21a4aa3b1e,2020-07-14
302,aff62287-39b2-4f5c-b7a8-9895d04488f2,2020-07-14
303,ecd1f579-a928-4136-b71a-4e35a05acac5,2020-07-14
304,e1bd48e1-27a1-46ff-87a8-4ef8a24227e8,2020-07-14
305,b398aaf2-1b7c-4cee-8458-5afdef5194fe,2020-07-14
306,b50256af-89ea-492a-adc6-01dc4c400209,2020-07-14
307,6b05fbc9-a4a5-4ee1-981b-63e45fc36a22,2020-07-14
308,6c1e72a0-a808-4e7e-bf55-4fff17af8e15,2020-07-14
309,df913798-4158-4157-8a62-78e98d4e7fd6,2020-07-14
310,43839eff-19ad-4c67-924e-6e1ff52e549a,2020-07-14
311,f1483ad0-e1ee-4ef6-bc5d-b9f9c8b69036,2020-07-14
312,47bdb9d3-b231-48a3-87f4-5ff40cc6deac,2020-07-14
313,00909741-2c4a-467d-87b8-94ff62706d80,2020-07-14
314,7d295d8b-2371-4aaa-a634-1a84535d18ac,2020-07-14
315,501c9502-e3b5-4fbe-87e5-20dd13f50680,2020-07-14
316,462c87b6-a9e0-4afe-956d-7a1d7d45dd86,2020-07-13
317,7ef83041-d081-48c5-8771-4ace75affa60,2020-07-13
318,aa60568f-d18d-4b0a-a0f7-5a75d77a400c,2020-07-13
319,e8ee5c95-db18-4998-9eb6-594847a38504,2020-07-13
320,1ad6d962-6e3d-4bb7-95f4-9775425e6fad,2020-07-13
321,8ae0d936-a227-42f3-81d0-73d08f0d8755,2020-07-13
322,c5f011f9-968f-433d-a6a8-7454e57d7e0d,2020-07-13
323,337c4314-ac19-49cc-b49e-d312adca6b88,2020-07-13
324,fba77d1e-8a20-4440-9ad4-c8f7e20a0844,2020-07-13
325,2e850f35-ba00-4b65-b00e-846d050b0bbf,2020-07-13
326,9b4afef4-739f-423a-9005-57cccbce6506,2020-07-13
327,ed8e9a4c-57e8-4786-8b33-ba8cc1a89dd3,2020-07-13
328,fcda9760-63ae-4da5-b020-d8af2ba9638a,2020-07-13
329,b00eb243-19bb-4845-8b86-83a3f6580f93,2020-07-13
330,3796d640-a20f-4c74-a151-e69c89e4f582,2020-07-13
331,2d22774b-d657-4ffc-91cb-3b02f0786f47,2020-07-13
332,b36d2abc-cd28-41b7-96e3-08685cac5c99,2020-07-13
333,7cad23ab-5544-4724-b004-3a3c87e6eacc,2020-07-13
334,a686aa71-71c3-401f-b51b-0bb557752575,2020-07-12
335,b4a8105f-f50f-4cc9-8e19-0f5b4b22e345,2020-07-12
336,d209aa26-ea39-4f34-9e8f-9d4659dc302f,2020-07-12
337,9b748a02-bd1f-4df5-b188-af2494244c3a,2020-07-12
338,4ca2beb9-6d2f-4239-bf67-455588c625ba,2020-07-12
339,a9e00147-9a06-4ea1-bf08-28183d1e52f5,2020-07-12
340,3ee42ca1-2fbe-41b6-801e-70e2766391bf,2020-07-12
341,1ca426c7-8fdf-4cb4-83ba-2d276fbfba67,2020-07-12
342,f5a7031a-605f-45ea-8857-b66bc9c92044,2020-07-11
343,f41cb48a-f8d0-491f-aa34-00e731330db2,2020-07-11
344,86e0d2c9-c650-494c-83b3-300a329f9db7,2020-07-11
345,978a0b79-273d-42de-8f1f-6f830f3e07cc,2020-07-11
346,342a5a42-b459-4415-afb5-cf9b741446dc,2020-07-11
347,512436f8-0c3f-46f0-92d4-730bb9076e22,2020-07-11
348,125e1d0e-e025-4618-b81f-93939106ac8e,2020-07-11
349,6e5c962b-d8db-4a2c-aa6c-3adbbc10affd,2020-07-11
350,f036eb1b-ba6f-4d52-99eb-75145e602033,2020-07-10
351,9f8f55fd-4470-42f0-bbc0-8759f5808e66,2020-07-10
352,edfb9e83-1262-4302-9ca6-f750222614a7,2020-07-10
353,ceeea024-bc6f-46ff-a3ff-222c495d0675,2020-07-10
354,e17b5243-975c-42d0-9b50-c11c56eb4c32,2020-07-10
355,654e7f81-d94a-4a39-9f3b-7a640558f1ba,2020-07-10
356,8a9b96d1-d528-4a86-828d-c9c608d9ed05,2020-07-10
357,fb67a33e-947d-41e0-8014-ad1e6bc3455c,2020-07-10
358,5209689e-d18c-4a48-898f-666dfac1311a,2020-07-10
359,6ee9ee1f-902a-4978-9e38-25ba874f2e94,2020-07-10
360,97be87c3-8256-4895-ae44-541823e68c22,2020-07-10
361,d73e6e90-bbfc-4f07-981c-90f7788b377c,2020-07-10
362,dc2df286-7ef9-4a58-b8fb-d1dcea0f910a,2020-07-10
363,7078b56e-51b7-4bdb-8da2-7fb8e0a17fb6,2020-07-10
364,b752c84f-4e2c-43c0-8c96-094cdc73e13c,2020-07-10
365,ba849dd7-e551-4cfb-a8b0-54427c8573c0,2020-07-10
366,fe11e716-9da3-43e8-a9c0-021d623968a1,2020-07-09
367,5a1a828d-eae7-4484-ab75-951e92b9162e,2020-07-09
368,e0266e74-6b8a-4f05-95c5-d41df2b9d9a1,2020-07-09
369,34e6df98-9ce7-400c-8b8e-28d304f7116f,2020-07-09
370,561d8e56-2d45-461a-a20e-0da7eadb1376,2020-07-09
371,221dffd1-80d8-4655-8ed7-90b2c7419eaa,2020-07-09
372,827a3a8f-f0f3-4368-bb95-6ac4b2905e23,2020-07-09
373,dd2e7d50-8fba-4637-b89b-f6a5b74a0fd2,2020-07-09
374,4cff74eb-4fd2-4f3b-94dc-32269cc13669,2020-07-09
375,294a5e71-e922-4e30-bd0b-e44524549eb7,2020-07-09
376,30efd533-b807-4f7d-9e3d-05ab3237e3c9,2020-07-09
377,e4bc2641-3564-4d4b-84c1-e87125525126,2020-07-09
378,d95af13a-ae15-4533-8962-00e47bfdb20a,2020-07-09
379,48379f09-bed3-453f-a413-462aaf2ea750,2020-07-09
380,31b7f967-18d2-4618-b48e-ba504fa7442e,2020-07-09
381,e9564080-280f-4146-8418-2a01e924d518,2020-07-09
382,69f00aa4-8aae-4e17-add4-a6b4b4816ddd,2020-07-08
383,86c347bd-e92b-45d2-abb3-55366ad8e384,2020-07-08
384,39095d38-a4a0-4032-9d70-bbe2644bcd00,2020-07-08
385,3e4244a9-1679-40ce-8455-04ef47fb9336,2020-07-08
386,f2167438-6fdf-4f43-bf56-66d3883fa307,2020-07-08
387,59df291c-dfca-484d-b316-d086c54643ed,2020-07-08
388,a74d0806-4c4f-41fd-b045-7676546871d6,2020-07-08
389,c6f6f21f-f687-4321-9e19-85d07da69a8a,2020-07-08
390,d343b51a-cb55-480f-9d25-4b9fa5c45292,2020-07-08
391,2fbe0ac7-c768-4ae5-8614-8e0ab581bbf7,2020-07-08
392,7742fbe2-2fda-4846-8fba-9949fcd6f636,2020-07-08
393,62424da1-c05c-48ab-a354-7f6ba7e412b0,2020-07-08
394,03ae9b95-1c99-43b6-815c-51e6cf24d6f7,2020-07-08
395,9bb69804-8a6f-4db4-be51-b2e24571e2db,2020-07-08
396,ebe2bc0c-3262-4e74-b286-23fcca8d5c49,2020-07-08
397,9e90741f-22af-4e4e-af0d-f1bc47ea6e5b,2020-07-08
398,a4178620-e023-49dd-8217-1159a221cce1,2020-07-08
399,63750c50-1708-47b4-a521-37504fedd1e4,2020-07-07
400,2eae3ebb-318f-4b92-bc48-8abbaf6a6168,2020-07-07
401,7b020c25-d34c-495e-b5ec-f064c17acee6,2020-07-07
402,29501e94-4922-43ec-879b-7aa737ab2bb9,2020-07-07
403,e8a5d28f-943d-4f29-9598-48ae86a5193e,2020-07-07
404,02e0c413-2a72-45e0-810e-e7de7f719a35,2020-07-07
405,97b76c75-a3d7-4646-916e-896260900b3c,2020-07-07
406,fff8a5ae-01aa-4049-a127-5437b90e3c19,2020-07-07
407,3984e073-cfa8-4fd9-bf82-518b09d51a1e,2020-07-07
408,ea3ddf09-9428-480a-9953-2bc716c0704c,2020-07-07
409,cd55abf1-7819-4e7d-bca5-074d54c0a57b,2020-07-07
410,b35dd891-bf7e-4a73-a8d5-cb61cebd16a3,2020-07-07
411,6652ff6e-279f-47e8-91b2-86154546e71e,2020-07-07
412,ca3e859b-52de-43f5-b860-d64dabecf417,2020-07-07
413,ab7aa8c1-9ab1-4305-8697-b7f12a99f58e,2020-07-07
414,ec346830-5b9c-4b67-9299-b7ad4079705a,2020-07-07
415,34686a1e-2826-417e-8411-a961a1d27f4a,2020-07-07
416,c2298a72-ca94-4368-9882-56eed37dc9ee,2020-07-07
417,91d16b0f-e448-41fe-bbab-fc98bca662d1,2020-07-07
418,ffc96e20-5ab6-4746-a03c-0d43c0b53555,2020-07-07
419,06f8dca6-c238-4332-9b83-f80a6be02027,2020-07-07
420,a7a8b92e-dd05-43aa-a5b1-fe9a142c984e,2020-07-07
421,497a560c-881c-4c39-9fb0-6c7ea5f0c067,2020-07-07
422,05822af8-0328-47c3-ae4f-d4e9bff35b03,2020-07-07
423,bae4498a-c1d0-45a3-b5b6-6792baab4e29,2020-07-07
424,e9afea7f-de7d-445e-a75e-f2221b7fe3f4,2020-07-06
425,09ce7a90-aaf2-48bb-bb8c-c01732a9264a,2020-07-06
426,27cc3dfa-efc9-420b-810b-fde7c9d2a00d,2020-07-06
427,8bedd573-9fe5-48e1-9173-4a57967ca6ed,2020-07-06
428,be9860ca-4673-4326-a01e-109b9b5309c0,2020-07-06
429,28666c16-159a-497f-a3ab-3b46fe1a165e,2020-07-06
430,965fbd76-3f88-4238-aaf7-d670c31f5b74,2020-07-06
431,1ec7ff13-78e8-414a-8b1e-546085c7c343,2020-07-06
432,6b6c4e83-0e58-4799-b514-fdfe3d19a64a,2020-07-06
433,2c00132f-ea57-496a-8c50-ede5e09714f6,2020-07-06
434,86f41d55-bed3-41b9-a22a-62e1cdd1d44f,2020-07-06
435,613c5a2d-93f9-48eb-9792-ac0f286104fe,2020-07-06
436,6ae9e13e-0768-4ec7-a6ed-7782a66c833a,2020-07-06
437,31408d51-472f-4eeb-97fc-60f66b652257,2020-07-06
438,927ae7d7-ce59-4d34-8985-9ac62c9f76b6,2020-07-06
439,c12842f4-2f62-4cff-9eec-ac7558f50677,2020-07-06
440,77a5a74f-164c-4487-b40a-4ba5864ec490,2020-07-06
441,e5f5ae6b-3f7a-4cba-9185-9fde2a2b8736,2020-07-06
442,1edfcf1e-775e-460f-a906-a6f2bb0c5f4f,2020-07-06
443,a8071329-0139-4000-b517-904eaed44953,2020-07-06
444,7bcb393e-b286-4ddf-9bdd-57755d634f45,2020-07-06
445,91af7457-bf2d-42f5-a4ed-eec5e554fdc3,2020-07-06
446,7a60166f-bd8c-41e2-963e-e13695b2b8ba,2020-07-06
447,d42e75fb-98fa-4562-8f0b-a64369c7e388,2020-07-05
448,27ba36db-fe2f-47c7-a899-446543557b12,2020-07-05
449,e07b8d37-f9b3-4dc8-b8f0-c344bd93fff5,2020-07-05
450,daa48cde-c64a-4e9a-9262-80aac4f4c94b,2020-07-05
451,6019d392-8b9c-4608-a6d2-e02389124491,2020-07-05
452,9d68457f-6a5a-4edc-9ba3-f9944462b702,2020-07-05
453,e817167a-5187-4901-ab90-88e8b22473c2,2020-07-05
454,ce6fa54a-02fc-4069-a403-ecb621a01e47,2020-07-05
455,e53d0ebf-12a9-4d11-9c15-72e6ff4aeb60,2020-07-04
456,1b197897-de87-4fbc-a5e6-6372b5879693,2020-07-04
457,7dbe682f-c25b-489e-bb7e-79838eb024f5,2020-07-04
458,cb3cefdc-0528-408f-a46b-f612c24ba8f2,2020-07-04
459,e4b6c5e3-69d1-47f8-ae09-61d212571785,2020-07-04
460,be709245-0f1b-4de7-b343-4b6561612b47,2020-07-03
461,ce53529e-5fec-4420-9e1d-2903e71e3f20,2020-07-03
462,0276e2b1-322b-4f24-b784-6688f35dbb55,2020-07-03
463,f479f729-4c83-4f6b-b915-89f5f4f792b3,2020-07-03
464,7b60f104-b156-4087-863a-e06b40d753f2,2020-07-03
465,cc8657bf-776f-4b27-982e-e8d99fc16667,2020-07-03
466,935c9df7-9be7-450a-9222-6baad57d9f88,2020-07-03
467,e077920c-b5d7-4f6b-8a06-28cdf2191685,2020-07-03
468,bcbd526f-7b9b-428c-836e-f26ce5dbb303,2020-07-03
469,8e5fe8c0-7094-4bee-9cf9-3114961b4dc9,2020-07-03
470,075ea0ec-0eb3-4945-948b-698a3e44806c,2020-07-02
471,b3f3b445-f2cc-4dbc-951b-ed6f76cba829,2020-07-02
472,f4c4adec-b267-4100-bd12-571ed21c49bf,2020-07-02
473,8105d61c-5902-45b0-803d-9948a77c375d,2020-07-02
474,1121793a-787c-461e-99f1-70bae0d022ff,2020-07-02
475,bb99b413-e9ea-4a0a-b18c-1edfa1273877,2020-07-02
476,996f4aa6-687d-4cce-b1db-89d8c71ea078,2020-07-02
477,274c93ce-d80c-4126-b901-2d37f621ca6c,2020-07-02
478,d97ae1a8-20bd-4d9a-83a7-9c1982056fff,2020-07-02
479,cdf34174-82ac-4273-abf7-885cb32ffa21,2020-07-02
480,b83d15f2-257c-4cf2-a02e-31e331782028,2020-07-02
481,10d5d080-cab0-459e-9c08-e0190dd710eb,2020-07-02
482,e752300d-f5d2-4f6a-af86-630ab0a40273,2020-07-02
483,638721ef-f9e4-4aec-8e74-648b720bcfd9,2020-07-02
484,dca99d20-2437-4f0f-8d75-176555c6d80f,2020-07-02
485,f260b7d4-6b96-4ebe-94ac-9baa648c9ffe,2020-07-02
486,01fa693b-37c6-4aa6-a457-e37a9f438e3e,2020-07-01
487,13d9f0aa-9cf7-4566-87da-f124983f3fe1,2020-07-01
488,637e1a4a-4da0-4dac-b20b-da4d2eaeb05a,2020-07-01
489,e6847d59-d542-495a-b1fe-da6cad55adad,2020-07-01
490,cbd4263d-abe7-4591-82b9-1f16e90073d1,2020-07-01
491,3e6ae67f-8e97-4bb3-a290-688e728a9441,2020-07-01
492,19d650f7-9224-47da-a8b8-1cbb9d4f4d34,2020-07-01
493,d87a35b5-7555-4a5d-af32-4ad6365e9a7d,2020-07-01
494,d7d8121e-ac0a-41f0-8a7a-4579ed5944a4,2020-07-01
495,cd244ecc-f1d9-446a-b8fd-95e72cba005a,2020-07-01
496,507c8929-966b-4572-ac9d-9173517ab7db,2020-07-01
497,24d3f2e0-932c-48d6-bc61-add1328ffc17,2020-07-01
498,53970c31-7dfe-4488-8d8d-1594a974c74a,2020-07-01
499,53e39dc7-8543-4fcc-ab41-643a101c5b7a,2020-07-01
500,81e52753-beea-4ba4-8ad4-38e90994befb,2020-07-01
501,4edaba5d-62cf-4858-8015-04f4f319b841,2020-07-01
502,d67609af-0057-4358-add6-3547b4b6a084,2020-07-01
503,6eacb5bc-28b2-461d-b85f-d1e397c49c1b,2020-07-01
504,45857279-0059-4562-ad67-a88286e1f702,2020-06-30
505,c95b042f-bed2-405a-a29a-7404a00f8f99,2020-06-30
506,3c1318e8-9929-4c80-8ce0-7f9856aa73fe,2020-06-30
507,6cdde430-197e-4bf4-af38-8841ce1bbc62,2020-06-30
508,917ce240-81a2-470d-b393-493a44377b1b,2020-06-30
509,638f3bd7-bbb0-4cce-bf6f-2f453681d0cb,2020-06-30
510,4dc7c747-c232-4506-92d9-cba09e5b348a,2020-06-30
511,dc6d1b01-3170-4e87-aadf-a759313c304e,2020-06-30
512,e2d80bf9-8b0d-4a82-88e1-d430749cfe42,2020-06-30
513,8b6b07a1-0f92-4d4a-8c7d-c5bc925bbdaa,2020-06-30
514,545bf74b-005c-43a5-a44d-cbf370f3ed1f,2020-06-30
515,9e18444a-3242-4032-ab6e-5089dbe564b5,2020-06-30
516,73d4ae77-bdf1-430e-adbe-7acd64550736,2020-06-30
517,a3eb7e9d-ad40-4131-b252-04210219f739,2020-06-30
518,6b9b0506-6aeb-40c1-8316-ca779d6f4e95,2020-06-30
519,483da97b-ce85-4327-9ad5-2dacdb9e35b8,2020-06-30
520,7e1d30de-f00f-42fc-aa2c-98acf9f4d85a,2020-06-30
521,8798c13c-7b79-4ad6-a4de-413b9d762d74,2020-06-30
522,1a91365b-a484-4166-8ad6-7b61831ec8dc,2020-06-30
523,1c475a8e-46e4-4a0a-bcfc-842386523062,2020-06-30
524,1707b56f-7e42-4ffd-8fba-fca4e17851b2,2020-06-30
525,e90aa1d7-c0df-4999-9920-a81ffd9ba5d3,2020-06-30
526,180095a7-3f51-4729-bcba-68db27de0b96,2020-06-30
527,012bd043-5780-45bc-825e-d04a56b82591,2020-06-29
528,e41711ad-c60e-473e-bfa8-97151da9a466,2020-06-29
529,5fb2ba7a-592e-4284-862a-272b0c72281e,2020-06-29
530,100a10fe-bc5b-4ff1-a3b1-5850ab86218f,2020-06-29
531,d22baa7c-c61c-4882-b917-1de22f75f319,2020-06-29
532,eb5c683f-fac6-449b-bff7-d2573e6bd9b3,2020-06-29
533,3c0c0740-99e5-42e5-9e87-1b302cf9eb4c,2020-06-29
534,c20ca24b-e39a-4aa2-8388-d362212ff6e2,2020-06-29
535,6bbedf7b-c16c-4bdf-87d0-4b0972e7f4c3,2020-06-29
536,98930150-c311-4b80-95a0-7be1ce669eca,2020-06-29
537,dbf8cfee-80eb-4993-b1b8-5f5538298d3d,2020-06-29
538,3c0837ba-aed7-4b6d-af1a-223cbb6d4f76,2020-06-29
539,024ec468-4da0-4dd7-af7b-4553d74da0c8,2020-06-29
540,f144aa4e-02dc-437b-bf16-2a406927fdbf,2020-06-29
541,116cc3ce-8b60-4756-893a-4cc1c23a3354,2020-06-29
542,c28ad931-dac7-4a34-957e-2a0c55439569,2020-06-29
543,dd74893d-82b2-4b7b-9f66-87b5dc47979e,2020-06-29
544,155ee0e2-ab8f-448b-bae1-c40a1f3afacb,2020-06-29
545,7a0e54cd-7f7c-424d-99b0-74e46a61d206,2020-06-29
546,7e3636da-68a7-4ace-88cf-33e93ff02f8a,2020-06-29
547,faba712c-1367-441b-8817-dbdf9487108d,2020-06-29
548,a005476d-f0f0-4d88-81e0-e1aaf4d95260,2020-06-29
549,0ed76e74-5960-4ed3-9fa0-e5a70e6e1a8f,2020-06-29
550,99f644b2-a555-405e-a7b6-44fa0358cf51,2020-06-28
551,5a2c05d5-c832-4e8c-84a7-6194367654ae,2020-06-28
552,a84ca6ba-36c8-4121-9442-ce5d5f2b77d3,2020-06-28
553,573e8720-fcb6-41b9-985f-a43ede3b5f02,2020-06-28
554,ffd85aa7-aaf8-4777-ba3e-cfebdb19e83a,2020-06-28
555,03276464-4ebb-40a7-a0fc-f75006b21b36,2020-06-28
556,b35b7168-bb99-4482-8204-ba75d42099e2,2020-06-28
557,54e207d5-d514-47f8-b4f6-65a283263a34,2020-06-27
558,1de6bb19-8792-4c6c-8def-ae1b6d585e37,2020-06-27
559,fe7fcce3-b0f0-43a1-a3c5-bbc285cc0cb3,2020-06-27
560,e272ebc0-c32b-4a9a-87bd-1b4c4bfa4aa8,2020-06-27
561,80512d83-0892-4643-9df1-10355a07e6b2,2020-06-27
562,e2160b9c-c8e0-4857-bbf5-7bea9069425d,2020-06-26
563,3f553678-ebe1-45f7-82fc-8f9d711df839,2020-06-26
564,53ff1e72-5c45-449b-8953-063b783e54b5,2020-06-26
565,def51cd6-deac-4aba-8604-3aeea8de1e78,2020-06-26
566,d1204e95-b801-4212-b5ee-3d6ae983b08d,2020-06-26
567,2360c36d-170b-4ca0-8aa4-25caa63dca83,2020-06-26
568,3c3a84c2-e762-4e71-bf33-52e4249f50d4,2020-06-26
569,f240d074-653f-489e-8c0d-1ea5a9dfe4ec,2020-06-26
570,575bb408-803c-46cf-9121-9ae984215453,2020-06-26
571,cbfb0b3b-0ce9-4690-9619-c5539ce46e3f,2020-06-26
572,bd97448d-9cad-4945-a158-89569a0ad74e,2020-06-26
573,8e1e7aa1-eded-48a5-ad50-493bf430d59a,2020-06-26
574,c779894e-edf0-4228-8fdf-ef52ce57d659,2020-06-26
575,3c98df9c-ab93-42a4-ba5d-3d903f222840,2020-06-26
576,9cafbe7f-3277-417f-ad30-53fb52ec9001,2020-06-26
577,03288d04-8bd9-48ee-82d5-5e99cc383c73,2020-06-26
578,32337149-51a3-4404-ae48-3fad43f78683,2020-06-26
579,1d1ef418-cce0-4011-bd14-558672e05461,2020-06-26
580,74473f95-84d1-4c23-be3f-d19c3633847a,2020-06-26
581,8671a43f-f334-4999-8949-dd6ec97f3022,2020-06-26
582,94723e7c-bc7d-404f-858a-d1cdbf63f02b,2020-06-26
583,559a93b7-51ce-4463-a086-a2fb71e1ac35,2020-06-25
584,40f0870a-7948-4cbc-8c6e-e5a4bf30cdd8,2020-06-25
585,9be863db-5d34-4469-86c5-421a69db57ec,2020-06-25
586,1b18d883-7bbf-496b-98e5-6069e33e241c,2020-06-25
587,1f7cdb76-c1e7-4961-b4f9-12fa35028b0a,2020-06-25
588,443c945a-b187-437a-bf41-918c3c1ebd64,2020-06-25
589,47368edd-7a15-40de-9209-0e6333cbef5e,2020-06-25
590,4e69cbfc-8c0c-4db4-b4eb-5a4f8eec3835,2020-06-25
591,4bf9e351-d09d-49b2-b517-c773cdbf1169,2020-06-25
592,3175be85-3196-40e2-8f7b-3fe3e4fc3690,2020-06-25
593,4dea8da1-d51d-472a-9810-b5c71ede8480,2020-06-25
594,ecb07745-fc34-4ad7-b3fc-ce1cb5ec6a4e,2020-06-25
595,f90e2264-84be-4043-b6fd-c4e256e1d2ab,2020-06-25
596,78d9d187-fa33-45dc-8192-5b2a2f3f1a7f,2020-06-25
597,c19d66e8-1d26-4e59-8ff7-a7da4b5f06a3,2020-06-25
598,047a647c-f30a-410f-90a3-9655776794c8,2020-06-25
599,e9beed95-433f-496b-8287-4bc3b3dc8fc0,2020-06-25
600,041d5d0f-c932-4bb2-a853-91643b97e59f,2020-06-25
601,52fe9684-5a53-4b81-94d7-40da4e6e06f1,2020-06-25
602,c5aef4f3-2b3d-4b27-86ad-0f8633bfbed5,2020-06-24
603,70b566a6-64c8-4502-938e-2ac6c9dc34fd,2020-06-24
604,870f1cb1-24ff-48ed-b17b-0ee4b197be22,2020-06-24
605,62e2d333-fd82-41a0-a58a-64d4f4202972,2020-06-24
606,812fe8a2-5b82-4750-8f41-7c880f235dbc,2020-06-24
607,1258e48b-5900-4639-aac1-6298e9d57b43,2020-06-24
608,a9daad46-464a-41a1-8e62-85d9bd29c035,2020-06-24
609,f344eb9b-c0bb-44de-8552-770a0c093559,2020-06-24
610,f6df9d5f-1d83-48e8-9279-cdca5163ad0c,2020-06-24
611,0ceaf169-76ba-4582-9eb6-a60f7e4f5fd4,2020-06-24
612,72679f6a-f755-4e8d-bf64-6afcb03d68ef,2020-06-24
613,2e6c01dc-ec26-4863-8b4a-590a0f7429a7,2020-06-24
614,2f9fedc0-f11a-49e3-af75-f2ce898b5622,2020-06-24
615,467c00c0-637c-417a-b11e-3f44f0eacc32,2020-06-24
616,de712b0f-28ed-43ec-bdf0-a42b1772374f,2020-06-24
617,b02b5269-2a52-44fb-9264-0a65355eec2e,2020-06-24
618,3b676f96-d062-40d1-a9c8-76a60c131f42,2020-06-24
619,02e27855-a1d8-44dc-a90b-4427fc55bf01,2020-06-24
620,57a30106-33c0-49ae-bff2-cc156b585998,2020-06-24
621,905c475f-6c5f-4be9-aa37-c9fb9b965884,2020-06-24
622,6516a0d5-7168-4097-838e-ab1d155fa1d3,2020-06-24
623,eb5b079d-68eb-48a0-8c7d-2e691790275d,2020-06-24
624,c8a37987-74a8-4c2a-9a05-1fa14d359e83,2020-06-23
625,faca856b-60f1-4e4d-8790-64ef0f9e4cbe,2020-06-23
626,43c44df2-06c0-4a37-81b8-e2cea99c5e12,2020-06-23
627,56d72f4a-cc14-43c0-92b8-1150ea90965f,2020-06-23
628,2c8fbac2-fb7b-44be-ae40-3d3c97cf60bf,2020-06-23
629,aee0eae4-0d27-4f89-8118-9fea2eeebc15,2020-06-23
630,b5f7f744-b703-415b-8382-9dafdc2cf5b1,2020-06-23
631,0c0a2c96-cc52-4f95-b84d-4d34c5a2d622,2020-06-23
632,30f53308-4d1b-4e9b-9308-5876b9d1e6ff,2020-06-23
633,139969b6-5ba1-4047-a6e8-13862dc14d4b,2020-06-23
634,2c698112-eb9d-40ee-9c95-3292cf4b8ea0,2020-06-23
635,7be4c5ec-4ee0-4b26-a40b-6cdcf32cdb41,2020-06-23
636,1ea0ce9e-30f7-41f8-a686-03e2cd333889,2020-06-23
637,a00b6a4c-fe70-4bd3-afa0-5b6471ab5386,2020-06-23
638,a9913234-4bdc-4085-ac62-e9fb7d72e77c,2020-06-23
639,d41fb511-7c71-42d8-97f3-803991150d55,2020-06-23
640,394897e4-358c-4f7d-9858-367faad102b3,2020-06-23
641,dfa18b60-ebcd-4093-8558-8e7c686a80d5,2020-06-23
642,34444a5f-c433-4ad8-95de-d60859ac2a2a,2020-06-23
643,65cabd6c-8f88-4762-a8a4-4008eaefe8e4,2020-06-23
644,5ee6a22a-089b-4b8b-bbcd-541e92edec61,2020-06-23
645,aaf2a088-51a4-4f71-a47e-608d0134b0ce,2020-06-22
646,5c259583-8daf-4a96-9f88-123f88dc81c8,2020-06-22
647,e0b70cc7-e015-43b7-a76b-122ff6c8bd84,2020-06-22
648,80c44b73-40ba-472a-b214-809cb370a765,2020-06-22
649,d7ed13d2-db76-4965-8f60-5cba6e18e54d,2020-06-22
650,29863e1f-6a29-4f77-849f-b6510448c886,2020-06-22
651,2281a94e-eb37-4298-801a-c0d5f9f30e7a,2020-06-22
652,92353c4e-4c95-4e25-b86f-a98d5077a734,2020-06-22
653,6c9de073-1705-4107-be03-3ebc2444c609,2020-06-22
654,6cb0cf8d-d452-4fdf-9e49-44e4f640f8b2,2020-06-22
655,a2078251-1d01-4c6b-b0c9-f07b3a6ebb27,2020-06-22
656,b99ef837-2e7d-4e3d-8f9f-4d0c4b02b6b1,2020-06-22
657,4d7fcfd3-bef5-4128-a430-fc7dbb5d4304,2020-06-21
658,0e964368-4ec1-4d60-8f72-83e6211110e4,2020-06-21
659,38f1f123-dd76-4e8d-921a-0f0ec3623dc7,2020-06-21
660,85659a20-31b9-4b73-9f03-1a0b5a80f2f7,2020-06-21
661,38852918-a534-4d20-a18e-c00ac11b5d4f,2020-06-21
662,67fa67c9-be00-4571-8b16-0c404d0fa6a4,2020-06-20
663,e1cad95f-88e5-4919-a2b6-b94537873ac0,2020-06-20
664,9600d4c4-7d34-47ec-829a-3161b2ae7ceb,2020-06-20
665,bb746730-c9a0-4fb8-adce-fa8667fc7686,2020-06-20
666,0827a35c-fa0b-4a5b-ab2d-aeae4976b375,2020-06-20
667,edd2d857-a7d5-4c01-83a3-56ed1d1e60d2,2020-06-20
668,33445e88-0a5b-4fc2-998d-3a3e1911b540,2020-06-20
669,26d58d84-1ef2-4df7-8668-4d598631a010,2020-06-20
670,01df954f-b41d-4939-96d9-493510b3fc07,2020-06-20
671,87f379fa-dc8a-483f-aa54-09a8b4b1bee9,2020-06-20
672,34ce8d51-7da1-4d16-9fe8-d726dad89160,2020-06-20
673,e329aca9-9bb9-4737-88bf-a6442fa9626c,2020-06-20
674,930e8a25-ced0-4d49-8c73-fbf67f47e3e3,2020-06-20
675,510e05ae-44c7-4c25-a7f2-04549cc81921,2020-06-19
676,36500492-acad-4a3d-b839-5322feed9c84,2020-06-19
677,1f01ef5b-0487-4637-960f-cbb838537352,2020-06-19
678,e54788ba-0efb-4157-a44b-5dafa1a4ea10,2020-06-19
679,31f4c6de-ff7c-44e2-9146-2ad299e15ea3,2020-06-19
680,c8df4dd1-2d31-4445-ba59-f7919eda2163,2020-06-19
681,33410cb0-20d2-4e03-a747-98c172420f56,2020-06-19
682,39e50fd3-024a-48c6-892c-d80aa16ef31f,2020-06-19
683,28fc5313-6200-4cad-bf5f-7d8e39075c89,2020-06-19
684,b232b273-8112-4016-b860-43f4e6223c65,2020-06-19
685,ad306902-de2a-4605-abe4-dd49dc793be7,2020-06-19
686,3df03ae6-c07c-4292-ba06-29b9f0218927,2020-06-19
687,52510a4c-e557-495b-b22b-448874c9ab88,2020-06-19
688,c7800d1d-69ee-4033-9254-8139f0ecf888,2020-06-19
689,cebfd7c0-713d-47f0-aac4-fb406bdbefc9,2020-06-19
690,1db2e4a8-a311-4de8-95ab-1f1b0f17d9c9,2020-06-18
691,a492b015-c609-4e1e-b503-bc5435d476e3,2020-06-18
692,a50a6450-e7c7-4a0d-aca9-2c1773be5163,2020-06-18
693,02a67e2c-ab75-449e-9e53-30c3e5358f4e,2020-06-18
694,a2b615db-0fb8-4efe-86be-eadbd5f570e3,2020-06-18
695,66cea6e2-a931-40d4-bff9-1aa47bd3158f,2020-06-18
696,d3cc017e-ee7a-406a-aa6a-68ee8d836b7c,2020-06-18
697,439e1d58-1e53-4a4c-8a7c-87ca71b3a885,2020-06-18
698,1cedc78a-1a6b-49e7-aba6-09b20d8728f0,2020-06-18
699,c01ce8b9-6ba6-4a1d-8aff-04c4a6cedbc5,2020-06-18
700,1f14b934-52fc-4a09-a28d-2e39b2a6ac35,2020-06-18
701,e4f79b6c-e939-4bf3-b7e7-e0ba2f7a32e9,2020-06-18
702,adca15cc-c428-456a-b961-230697c73e33,2020-06-18
703,9f1b8df7-9e4a-4f8c-b4d5-403f846f1ca4,2020-06-18
704,eef7169f-09a0-4f0a-afa0-7037cc8625bd,2020-06-18
705,551351ea-85c1-466e-9954-301784db2d95,2020-06-18
706,ccb03428-2a2b-48fc-902a-b616af46a101,2020-06-18
707,97529c27-412b-4632-863e-be6832413ec4,2020-06-18
708,257c256d-6ade-4c39-a1df-ffc63fea2fb8,2020-06-18
709,e76bd4ff-453d-4f82-8b59-f68db902cb3b,2020-06-18
710,b846f266-f2b5-4634-9d32-9cbd4ff24058,2020-06-18
711,704485d2-42b4-4774-b828-a7f515f46f52,2020-06-18
712,678b06bf-a3c8-44ce-aeac-50d8c8977f0c,2020-06-18
713,707306c0-7f45-4f9d-99f3-269b29afa2da,2020-06-18
714,80efe9a1-c07f-40fb-918c-57d865f236c9,2020-06-18
715,865a5d12-cd7d-4b30-a503-7757f1bb238b,2020-06-18
716,878deb7a-8b1c-4300-95ac-20b6518429a5,2020-06-18
717,c4aa28f1-3ae0-44ce-8a33-7ef1b6a5a709,2020-06-18
718,bddbc16e-1ae0-426b-bacf-e056cd49891b,2020-06-18
719,cb17b5d6-a958-42bb-a01d-7f6cabd7e544,2020-06-18
720,d2f9ea4b-f82c-4810-be09-95a235ad8829,2020-06-18
721,14393c2b-77d3-49cb-8d58-c93c7d84bb40,2020-06-18
722,f625b3f3-bb0b-4808-b9ac-5bdcbb65fea9,2020-06-18
723,654b990e-dc2d-43c0-89ce-e9cc9fbc60d9,2020-06-18
724,d8e13459-9485-4292-bb65-dfe74b2e08d3,2020-06-18
725,5b9a1b61-1bb9-420d-bcc8-9fbc7479a2b0,2020-06-17
726,90a0c63e-4772-4574-9871-86f76bb949d3,2020-06-17
727,167098aa-cb0c-4f85-a876-82f1a3f49f9c,2020-06-17
728,e1fb85a3-dc9a-4903-80a6-8a3aacc11cbf,2020-06-17
729,e896f3a9-1c66-47d9-b9d0-20e145a99cc3,2020-06-17
730,7ba2fdee-9d33-405a-9dc4-4640804b4f4c,2020-06-17
731,fc61f23b-98fc-4076-874a-5377fb076540,2020-06-17
732,7d76e6b0-bea6-4804-923f-89e30b2b028d,2020-06-17
733,286429ac-1f2e-447a-813f-fa951429e607,2020-06-17
734,1c1235bc-08ff-42c1-b91f-ba1d7dd44cd5,2020-06-17
735,3fbfa090-1bab-411e-98fb-31cf3451e018,2020-06-17
736,f98ccc61-f3b2-4e2e-82b9-b5317ccb074f,2020-06-17
737,10d74c76-d6e9-4496-a6f0-592f5b1eee49,2020-06-17
738,253efc66-f4c2-4654-a1cf-668576c38381,2020-06-17
739,d4cf84ef-f9bf-4d44-b094-273d791fec63,2020-06-17
740,1627c3ca-dc04-47c4-bd1b-537086026152,2020-06-17
741,bca13486-dc9c-4089-ad40-8b81bf9f681a,2020-06-17
742,a13b3590-13c1-4da4-92e0-18fd31f79e69,2020-06-17
743,a124c055-4be6-411b-b5ec-2b7c163a47fe,2020-06-17
744,8c1f575f-c56e-4801-820c-c0c2912ca75a,2020-06-17
745,d0c786b1-aabe-4a6c-82b9-f8e8b95d98cb,2020-06-17
746,2e6d9d1e-487f-4014-990b-3dda8cbbcf40,2020-06-17
747,8e740bee-1380-432d-9bcb-5207eaa56342,2020-06-17
748,8a946083-fb9e-4881-b8e5-f0fd0f91bd1b,2020-06-16
749,408754e3-0737-4c1b-a366-2e86f80e538b,2020-06-16
750,7064b31f-f941-47e9-9e52-f177cd86cbfb,2020-06-16
751,03953340-2c2a-4a31-b5ff-a3c6ad6ca3de,2020-06-16
752,f2e66dd6-4991-4b82-acde-6aad005dd55d,2020-06-16
753,0658cda6-ef96-4d11-9217-3bcd3d400f97,2020-06-16
754,2e0ef809-771d-4081-9d0d-d6e94f16d3f0,2020-06-16
755,7e703367-ba6b-4d80-8637-182792d9a5bc,2020-06-16
756,28428349-e829-4718-bb1c-787745b5da48,2020-06-16
757,81dce002-338d-44bd-b66f-215c6bdf3d61,2020-06-16
758,d065ca56-bb73-4d31-838e-83a3dae07d1c,2020-06-16
759,0c08bcdf-8f9e-46f2-bb6e-98eb50c0f89f,2020-06-16
760,d11b0307-02e9-49a7-b8f9-162e838ece95,2020-06-16
761,df136d74-6ed8-4f95-a872-0d758a881298,2020-06-16
762,3d8453de-e3bb-48a7-b0e6-8be40cbff523,2020-06-16
763,ab94514d-4591-4aa7-a606-de5ce4fc08a8,2020-06-16
764,4874f5db-494a-4db5-b6b2-473e99e486fd,2020-06-16
765,cce7b122-14ac-4e63-b4c5-4bf1e41845ae,2020-06-16
766,9222a71b-4022-4ad7-97cc-d2df829aee43,2020-06-15
767,98c10e98-6128-42b2-88d7-30224baf4319,2020-06-15
768,1c21cff7-798d-4dfd-aea4-494e60062ee2,2020-06-15
769,d2be9f02-32d3-4b24-957e-bba8f97372f7,2020-06-15
770,756eaa41-d7ef-457b-a162-d3aaf43e6c91,2020-06-15
771,3d81694f-bd12-4400-b922-70a0b346f8c5,2020-06-15
772,2493401f-7ee5-433c-8859-c66bb6be9aee,2020-06-15
773,a431ead3-0cf8-4305-b370-d1dfc77405cb,2020-06-15
774,7fd2648e-9836-4686-97bd-82b41f7de8a8,2020-06-15
775,c7632310-1e56-4a81-b84a-64788134e6d6,2020-06-15
776,e68de706-9b3e-435d-8779-fa40acc6d4f1,2020-06-15
777,2a5c25ef-0c2d-4c0b-8968-d28c0cc9f55c,2020-06-15
778,f40bbf6d-9ab0-4086-8aae-7feeb9d25670,2020-06-15
779,af03aada-1294-4472-b1cd-a1c11dc8f6aa,2020-06-15
780,65f75952-a433-4e6d-8b93-a9f499367095,2020-06-15
781,5b84a45e-a4ec-452f-9fed-91b2f4bef2b4,2020-06-15
782,68ce7ed6-a5fe-479d-9207-c073c70ccb1e,2020-06-15
783,c744dcb5-6f89-4429-8566-b0372b283ca8,2020-06-15
784,750ce8d6-f64e-4777-8304-6f3a6bf379bb,2020-06-15
785,b1bb7f7e-c94d-41e5-bbe9-f6f97c7a2ae6,2020-06-15
786,a185d587-b4b7-4955-9da2-35f3a8e0ea2c,2020-06-15
787,1227aa3f-25c5-43d7-a33e-942b148a7c29,2020-06-15
788,a5e60c1e-21eb-4f73-9eff-0eec24674898,2020-06-15
789,ee393c57-1d69-4b51-a75f-c1d6887f35fe,2020-06-15
790,ac03a1d3-c3fb-479b-9713-e086145889f8,2020-06-15
791,f0ba1ce5-1ec2-49af-a46c-0471c4d12840,2020-06-15
792,1b335795-5d27-46ea-9a94-c5d6be79fb0c,2020-06-15
793,0fe78d8a-c15b-4849-8e30-c1d7d1d73a58,2020-06-15
794,d7ad5725-4756-4290-9f29-720b28e2b9f1,2020-06-14
795,0bf20e39-91ce-40c6-9a66-9687274e1314,2020-06-14
796,7898417a-6990-4a7a-822b-0028d2d15fdd,2020-06-14
797,b3bd7d3d-8590-4e74-90c5-32f27cc6e1d0,2020-06-14
798,133f0349-dc8b-4dfb-8025-3208c04cd4aa,2020-06-14
799,9009062d-7249-476f-a4e5-4720c3dd5a8d,2020-06-14
800,24a799c2-c090-44b1-95ae-3dbee81214ee,2020-06-14
801,e0a3388f-f7a3-418a-a686-e7c062a510b5,2020-06-13
802,0cf20de5-9122-44fe-9825-88e76707a9ae,2020-06-13
803,7ad071b8-a1fe-40cc-bbd0-236d1ebc6ab0,2020-06-13
804,29f92baa-1f77-4ded-9a9d-ff7cf67276d6,2020-06-13
805,0005fc0f-b21d-4be1-a520-4b3345d2e78a,2020-06-13
806,313ed512-f097-43e1-a56f-03b834d36255,2020-06-13
807,464cb662-edb8-4ba7-8213-8b004d8c20d0,2020-06-13
808,68200821-7ff3-4326-867a-9d8736b38ac8,2020-06-13
809,8cc50533-6b33-41ed-9f60-5f787eb71aba,2020-06-13
810,19bc2e70-5b9b-459f-a835-c828cc0defaa,2020-06-13
811,518c964d-9a16-4f38-8a0a-3d9a044c9d72,2020-06-12
812,46eaac7e-784f-4225-9e43-44670f0c0349,2020-06-12
813,c48dab80-2901-4933-863a-3c4707f46ae5,2020-06-12
814,78ebcbe7-2004-47c7-ab41-151f4014b933,2020-06-12
815,12355406-5cb3-4dd0-a600-c41ca7b10fa2,2020-06-12
816,350195a4-0f91-4554-93ef-b4cdc2aca294,2020-06-12
817,7943ddcc-1919-472e-8ba3-c5ff1e2cbb6d,2020-06-12
818,ddfb65ef-5d3c-4936-867b-05c532b976d0,2020-06-12
819,025fa15e-87b3-45a4-bded-0d1dc172c4ed,2020-06-12
820,38c2d805-17cf-48d1-afa6-ff334c13d1d0,2020-06-12
821,40d6716e-0939-4213-b91d-0b72e675d3a7,2020-06-12
822,2326d196-6da9-4d7c-adfd-08c1837349f5,2020-06-12
823,b49030d1-f96c-4ab8-adbd-4330ffcf5490,2020-06-12
824,dd9845e1-8ab1-497f-9d32-85081d97d16e,2020-06-12
825,ddf8526b-8e5c-4e67-a7d1-782cd788aea7,2020-06-12
826,98bd38ed-add8-45f7-a293-db1f5db70124,2020-06-12
827,23791209-0766-460d-ad5a-3f582ec56438,2020-06-12
828,b823b598-ffae-4b05-ad69-c00dc7e31948,2020-06-12
829,5cf48b65-eb85-49a9-a5c2-2a8de383b67c,2020-06-12
830,5a2158b2-9447-43e3-b181-d2f228c524cb,2020-06-12
831,820bae19-7f56-478e-88a7-b6122e649238,2020-06-12
832,c50b1c3d-1707-4134-8792-1f104c543694,2020-06-12
833,3ad28f6b-ff6f-4fbf-80aa-e4719418fbf3,2020-06-12
834,fe67300b-1664-4b28-bfec-3ecccdd35e84,2020-06-12
835,b88561cd-600e-4e85-b704-84e3190deaa1,2020-06-12
836,ea832bbe-c958-46ef-a3f2-70f73f23d58c,2020-06-12
837,18760b38-85e1-4839-b9bc-6af4cbe27af6,2020-06-12
838,6b6ec7c8-4933-49a7-9790-b1ca46849128,2020-06-12
839,797e69db-fa72-4c7b-9edb-28dc2ec6dc2c,2020-06-12
840,e0d3b99d-db15-407b-b98c-5d5bc03e8735,2020-06-12
841,9d3acb20-1948-4e01-88d7-ffb32dfd5f47,2020-06-12
842,424a2e7a-2e3c-4645-84c8-1ba101b29adf,2020-06-12
843,fcb51c0a-5322-4b05-a356-6cf0af9e3fd1,2020-06-12
844,af9f9a0a-f0ef-4e2a-96e5-2e4c4b556d11,2020-06-12
845,e253303d-0ae2-43fb-b79c-7838445e4a9d,2020-06-12
846,8d665c8e-6649-42a8-ae3e-a701a700825a,2020-06-12
847,5665d5fe-a5d8-475c-b311-486e5087a948,2020-06-12
848,dbf323fe-6e8d-4fc8-8a52-4e4343dde1ca,2020-06-12
849,20fd9281-5481-456b-a3ef-77099579e4db,2020-06-12
850,eb9a1aea-7c07-4302-ba65-c647a80fb637,2020-06-12
851,e33d1ea1-f43a-44c0-92d8-b14d9834ee12,2020-06-12
852,78034d89-ae52-4f74-a41f-6ef0d775a3a9,2020-06-12
853,8a06759b-898a-41e4-969b-c3a049099ad5,2020-06-12
854,35022d99-3fd0-4548-84bf-6ea7b452692b,2020-06-12
855,2242d6ac-41dc-4290-8c09-2094fd01c74a,2020-06-12
856,03e4b250-198b-4443-b10f-f919fd35af87,2020-06-12
857,beb33908-3beb-4d4d-90d9-b2b30a354148,2020-06-12
858,65f76a90-1702-4b6c-85d1-89b13b4afc1e,2020-06-12
859,8a1915a6-492c-47c0-b54f-17a7a2db61f6,2020-06-12
860,2d09bdd0-f784-4271-92d9-ed7ecac71d9e,2020-06-11
861,eb6ee7af-fa9f-441c-ac8a-0da2d2ee609f,2020-06-11
862,651ed15b-e916-4cca-9bf6-2713316b1634,2020-06-11
863,a1811f5b-b49a-4881-992f-0f5552deca3c,2020-06-11
864,287f5a70-6716-4d8a-b84a-805acd050749,2020-06-11
865,1a32712f-5307-4a0f-a33f-229f5fe76d12,2020-06-11
866,7e56bc8b-2709-4b9f-8217-fd530a50591b,2020-06-11
867,6ea262b0-beef-463c-97e1-5cf901da562b,2020-06-11
868,09e407d9-7b3c-4a71-a833-4924776bbb52,2020-06-11
869,7cc2ae48-19e7-4de4-adee-478a3508fb03,2020-06-11
870,0fe3b6ea-1eb8-48b2-baf9-68af36d6763e,2020-06-11
871,c2bd27ec-91d0-4322-9870-c5e0076c74d2,2020-06-11
872,52c2d1de-9807-4d1e-9935-f2a4591eae4f,2020-06-11
873,cc3e8612-1313-4228-b53b-f6105938a289,2020-06-11
874,31b0aebb-c932-4256-8860-0558880621fb,2020-06-11
875,8cae7a9d-cb16-49f0-85f3-3dbb85a59dd8,2020-06-10
876,3acf00a0-c722-40fc-9c6a-d7afd93bb74e,2020-06-10
877,4abc63df-64de-49de-9b11-1740b3c60cf1,2020-06-10
878,cab59ed5-a403-4f09-a9bd-53e5f0fbba41,2020-06-10
879,bd44089c-7795-4888-bdd0-50f71a418a33,2020-06-10
880,ef73e1e1-df72-4d06-b200-6e2fc1365d47,2020-06-10
881,ab178679-6c52-4130-bc23-e3a2af9a73b3,2020-06-10
882,0d34d739-f618-48d6-bc37-e6a58ff6c38e,2020-06-10
883,4e6dfafa-24e6-497d-b0c6-6879af68f3a9,2020-06-10
884,15ed3436-5cd9-4177-8781-10df51f4420e,2020-06-10
885,8906cb9d-7feb-44bc-b54b-e9eb301d6b12,2020-06-10
886,d746d973-3c6b-4dcc-bb18-636e0bf226d7,2020-06-10
887,95239dd8-0cf4-48b2-b095-48134aef8f55,2020-06-10
888,51ee3cf9-280a-4964-aec8-6f4182bb1b80,2020-06-10
889,9073db32-5ea9-43e6-b10e-13983b877f3b,2020-06-10
890,1d64a820-6c03-4c89-8aac-3ac491a6d076,2020-06-10
891,b21a8058-099c-4155-a882-0ad2be07fbdf,2020-06-10
892,8cd745a3-ad42-4063-b0b0-b5d8099efd52,2020-06-10
893,47e48472-6206-4d03-b942-f85d5129ae70,2020-06-10
894,621bef25-e972-4135-80f5-299aa1544215,2020-06-10
895,e60d78e7-8166-40b3-8597-6c37f1196f85,2020-06-10
896,c0234cf1-592d-49fe-b532-3483340286a0,2020-06-10
897,98b161d2-c04a-464b-9e72-6cc8334814a4,2020-06-10
898,497393d8-108a-4da0-a427-4e226c6f6b1e,2020-06-10
899,5c21c18f-922c-459f-aba0-f5f554187770,2020-06-10
900,5ab4ea4f-2a03-4ada-9758-26f06faa5865,2020-06-10
901,762bd6a3-61c1-4806-809d-4608edb32216,2020-06-10
902,8dbcce7a-7588-4b4e-a4ec-d7cff7f784c3,2020-06-10
903,924946f0-2919-4d1e-bfd2-38c89a1e07dc,2020-06-10
904,8c9e9376-b2d8-4434-894c-bd6458498ae3,2020-06-10
905,306ff0fb-ca78-46c4-b47e-eef62d6002a7,2020-06-10
906,8b5538ec-59a9-41c7-95f9-fde226c5c89e,2020-06-10
907,d43831de-c187-4b12-addf-e748351be8a2,2020-06-09
908,acb6a174-d7f4-451e-bc76-63b6862bcd51,2020-06-09
909,c985e881-d025-4704-85b4-e8f699d379ae,2020-06-09
910,4dfcf143-c63b-4619-bfc7-d4aac7a3327b,2020-06-09
911,e6036ddf-7199-4121-aa9c-621498dd34db,2020-06-09
912,bdaab444-b8df-4941-a499-6beb5fceb435,2020-06-09
913,a6144334-9dae-41ca-a08b-4ca5f53d8f9c,2020-06-09
914,3e8546e6-5d18-4789-b5a4-07ff3f17235e,2020-06-09
915,df2c1c64-db45-4e4f-8db2-d74747ea195b,2020-06-09
916,19bcfe72-736e-435e-8156-52066134c9cf,2020-06-09
917,79eb1c99-ce42-46f1-bba5-247048aaa24d,2020-06-09
918,9bc5ddab-a401-4a85-86ee-2de329e74406,2020-06-09
919,7345edb5-fa41-400d-b490-34f627bf5328,2020-06-09
920,5030b013-fc82-4e08-8e17-b24402a40ea2,2020-06-09
921,06c9f762-738f-41db-b673-aca23fb782bd,2020-06-09
922,e37aa4a7-43f6-4e23-bd1a-14cbee6483f5,2020-06-09
923,c84698d9-2624-438e-930e-c8873c5fbef7,2020-06-09
924,677866f5-d8e3-440b-ba01-c38d2e409fc6,2020-06-09
925,fc2f2050-1ffa-426f-b905-57f99b27aad4,2020-06-09
926,419dc607-0614-4ceb-a7d9-d56fddb9d27e,2020-06-09
927,8512d696-2007-47e9-a460-48870555b855,2020-06-08
928,ed6e30d8-f3c2-4028-85ff-0f8b9b3260a2,2020-06-08
929,e47ae19f-b937-4149-8673-2dd0320fb712,2020-06-08
930,516a521d-8fcf-4986-acdf-e6fa10ba437a,2020-06-08
931,2b0f1cd4-2fe0-46bd-8ffe-470ca3ee3fef,2020-06-08
932,a5a7f8d4-7555-43eb-acb2-84b7af8c5386,2020-06-08
933,6a896814-64ce-4692-b437-70de7efd11bd,2020-06-08
934,3e36fe98-50f9-4fdc-ac1c-afb9430c73ac,2020-06-08
935,5f800877-2497-4b3b-86c5-fa585cd947a6,2020-06-08
936,253f8ee9-e522-45b9-be21-1f4820e232bd,2020-06-08
937,711e4427-e7fa-4814-a16e-14860e4d5936,2020-06-08
938,638aefc6-1f66-4481-b89f-f66bef04b060,2020-06-07
939,7c8cd459-bb04-4818-b3bd-f1d2ace47fe0,2020-06-07
940,b1ad2ae7-97c4-4a8b-8206-7a6083b44a71,2020-06-07
941,499346b1-4ecc-4233-8388-a6f7930b5191,2020-06-07
942,65a52e3e-611b-4ac0-8d28-3d44121b716a,2020-06-07
943,592cd2d0-710d-4a11-869b-d17784428ec0,2020-06-07
944,a46408ff-87bb-48b1-be57-f0fa414cf155,2020-06-06
945,df65b655-fe2d-4de1-b2cc-c4b39ab7b15b,2020-06-06
946,4b7f7c46-7f5f-4299-8c30-a1561a631bb5,2020-06-06
947,36ad84c2-974c-4cc8-bfa8-79469043334c,2020-06-06
948,2fcff3a7-206e-4a58-80e8-60ddde771e3e,2020-06-06
949,929fd0c0-6f69-4e6c-83b1-0aeb83a192ac,2020-06-05
950,bd7c11f0-fbe1-4e5b-96fd-251d58441805,2020-06-05
951,20ec79f9-1e3d-44a5-b822-0e154495c137,2020-06-05
952,1f2c7da1-56fe-4e00-b8e7-7bb1a542cf61,2020-06-05
953,fa1d880c-a972-4061-8132-edd9a8bc1653,2020-06-05
954,7ff33f65-9fc8-4bb0-8766-07839a96c1b4,2020-06-05
955,c22b8a8d-8022-4ff1-ac1e-8c31e5e52a3c,2020-06-05
956,b71afa22-0815-471d-880d-54ce160ab242,2020-06-05
957,ec6eef68-b307-48d7-a98d-bf72ddc6f140,2020-06-05
958,cb66a3a0-d6b4-45e5-a302-c3c6add8d42a,2020-06-05
959,afb21ad7-2ae4-40f5-b5a8-e6e7eff37523,2020-06-05
960,245c0526-643f-470b-b978-a07b04a0b3f4,2020-06-05
961,786e2945-acfa-45ce-94d7-eafa53074309,2020-06-05
962,abea1732-480e-46af-b698-d4b652e6b88d,2020-06-05
963,c41d95b1-08af-460f-9aaa-56d219192388,2020-06-05
964,c3d58b05-f593-40ce-b864-18d2a8e2d099,2020-06-05
965,32faecfc-b25e-473f-a4d1-9eb8e3ba71ca,2020-06-05
966,a226c942-c3b2-47c5-9c3b-bf46a5107128,2020-06-05
967,2730182d-b1df-49b8-bb0e-10194e641b83,2020-06-05
968,7153366b-03dc-48e6-b35c-a3ebd31e3f99,2020-06-05
969,e43ab625-220a-4102-a7ec-c37271289671,2020-06-04
970,6bf5bf0a-b9e9-4dfa-b200-ceae49589c60,2020-06-04
971,19ff7835-04e1-4ca3-b99d-80cc337aa964,2020-06-04
972,2c59ba66-5f30-4095-b279-8246120bbf6c,2020-06-04
973,7689891a-c0f5-4984-b963-aa2bc0561f73,2020-06-04
974,bc72fcf0-8228-4456-ac74-a3aff59be190,2020-06-04
975,949b97e2-4201-4c51-bc11-7134eb29502e,2020-06-04
976,c57bf22f-80a3-4fa0-893c-1b6a16be7205,2020-06-04
977,a08701c3-6ff8-475b-9256-baea245978b3,2020-06-04
978,412a96e8-14d9-4919-a0ff-aac0d355d709,2020-06-04
979,170d2fb5-d216-486a-a903-10a9dac656a5,2020-06-04
980,8ef36d61-5a06-4b0f-8a82-7467c8522ecb,2020-06-04
981,b40dd5b3-73b0-44b1-a27e-9394bf501c0b,2020-06-04
982,762e44dd-46ee-4c95-b91b-51f0c95b4cad,2020-06-04
983,df7efe29-db72-4ae9-b1a6-8332b23b8b54,2020-06-04
984,1b1992e8-1d1a-4994-80e9-41b3091eb760,2020-06-04
985,2cc06709-a8ec-4c35-b15b-21b45adf7bfa,2020-06-04
986,78992404-4b2f-4581-b4e5-d5c78d1bb6c3,2020-06-03
987,e2fc4744-9f20-403b-96f2-04ad8e5b5674,2020-06-03
988,61b3f0cc-6965-4334-b01e-244243492ead,2020-06-03
989,95ca48f5-2c57-4b5f-af1f-0c7d65b0cea6,2020-06-03
990,14dc56bc-7fd2-4ca0-9b80-0c08325fbbc5,2020-06-03
991,ea485697-cc7a-41d5-a13a-020d41f19285,2020-06-03
992,161c89b3-96b9-481d-bf56-bd848156a8b0,2020-06-03
993,ea02529a-1c8f-45a0-b849-eb5d22487f88,2020-06-03
994,33a55e47-a096-46b6-8f8e-f32e90da2f85,2020-06-03
995,7be6c870-f4ae-4139-a5a1-fc7b48182abd,2020-06-03
996,b39a4f7f-f4ae-4fac-8e2c-bed2f9bfad9b,2020-06-03
997,6c1fe9d0-b3f6-423d-bc00-a875f7992333,2020-06-03
998,fc3706a0-987b-4034-9a99-181dbc9fa3d3,2020-06-03
999,6d9c54d2-849f-47df-9a91-404d4044363e,2020-06-03
1000,da21aa97-5268-41de-b1c8-cbc0dd6668a6,2020-06-03
1001,d732a856-189e-4ba4-9f33-c08307fbcc1c,2020-06-03
1002,1f8ede8a-c8ba-4a67-b01c-6685615fcebb,2020-06-03
1003,a6c46e5c-1816-4f56-ad26-919b76185e4c,2020-06-03
1004,bda8b6a1-5bf4-4ef4-a37d-300060ae1aa1,2020-06-02
1005,c3bfaa8b-0483-4d19-8b8c-01b2630ce18e,2020-06-02
1006,52fbc411-1df5-489a-9486-b0f2c7598a18,2020-06-02
1007,6dd97455-e3a2-4a13-8b1b-1dabd401cdcc,2020-06-02
1008,399aa1ab-15b3-4cbc-b6ab-7dee75492d93,2020-06-02
1009,9fd1ff49-096c-453d-bd74-04c9a8442162,2020-06-02
1010,f5e848c8-a052-441f-b126-3aa1344e9de0,2020-06-02
1011,8884ac42-9df2-4046-bd90-621a16c2217a,2020-06-02
1012,fbd803d2-e73e-4c32-a62d-22437d2ffa16,2020-06-02
1013,f6691568-c172-4eeb-bcc9-8587ac347bfc,2020-06-02
1014,ea5ec49d-c737-41cf-b41b-ff52ba890c96,2020-06-02
1015,1df6ed3b-dc5e-410b-b0b4-856476c0dfbe,2020-06-02
1016,adb2860f-9b91-4294-b723-cc73a28a4ae9,2020-06-02
1017,bcd67e18-63da-4e1a-946c-ed8a67f174cb,2020-06-02
1018,86e1a4ce-d9cc-4086-8edc-522939665deb,2020-06-02
1019,01300e75-da86-41fe-a4bf-42e6b0866859,2020-06-02
1020,afbc557f-8c1a-4f6a-bb67-9d8a9ff7ad36,2020-06-02
1021,40ca7f82-3cda-48da-9518-3a1da2050061,2020-06-02
1022,00e9a0a7-142c-4964-ac07-fa6a81fca3e4,2020-06-02
1023,b1087e55-806e-4de4-bab2-4760a4ac3de2,2020-06-02
1024,38dc8267-b116-4c12-a1da-5e1e5333a721,2020-06-02
1025,529d4b8e-f9a7-4122-b809-a238099cd872,2020-06-02
1026,7b37a4f9-3daf-41a9-ac51-26f416afa3e5,2020-06-02
1027,7730d9c6-76bc-46eb-8b9e-bdd4d1f3e6ed,2020-06-01
1028,48b46282-0e6b-425f-a354-c577c4cbe50b,2020-06-01
1029,3f4f330f-9b66-4e99-a46a-2b7ecb96e899,2020-06-01
1030,9d6964a0-37cd-41f2-8313-1af8dde40683,2020-06-01
1031,cd63f99e-920b-4114-a642-fb99a027c5d5,2020-06-01
1032,23a6a211-e9e4-4c81-9924-fc0f6f850b13,2020-06-01
1033,f674ca52-8a38-49a7-bcad-bb2f889e057e,2020-06-01
1034,33ae079e-2539-49ab-91e4-5d068737d891,2020-06-01
1035,1bbfa32a-dd2d-4b66-9ecf-3747376e9e30,2020-06-01
1036,7d020da1-8726-4c13-aeac-41120b572792,2020-06-01
1037,9adbbd65-10f9-447b-8279-7ad1ab2178a3,2020-06-01
1038,3dcbbeac-ade7-48d4-91cc-a85aca10c8f3,2020-06-01
1039,f3578fea-7142-4c4a-8d2a-83f1cff7f556,2020-06-01
1040,8d84491b-e508-4150-a462-f14274a114e9,2020-06-01
1041,8851d049-65aa-4099-a13c-32a4ffaac7e2,2020-06-01
1042,a32359d3-779f-4a36-92da-0f549cca4069,2020-06-01
1043,f4a4cd29-5f49-49a8-ab31-bdbd8f5c09b3,2020-06-01
1044,eff182ea-c49d-430a-b302-20c579a42906,2020-06-01
1045,3c6762dc-58b1-427f-ac65-31c562914e3d,2020-06-01
1046,6f1a0ead-d32e-4b2e-84ac-2c3e1fb70a74,2020-06-01
1047,2fe197d6-024d-4ad9-aa0a-5fa67017c611,2020-06-01