org_id,old_reimbursement_request_category_id,new_reimbursement_request_category_id
151,1048325898769442137,1317522239151235597
151,1066478879405221298,1317522239151235597
151,1194304326337539617,1317522239151235597
273,1068297204734868976,1317522516328863687
273,1200897032893678778,1317522516328863687
717,1273012356519296990,1317524456332916807
194,1048327191864080255,1317522792518373234
194,1194301090027360323,1317522792518373234
757,1291481990889181528,1317524859778315280
185,1057362567099858846,1330246667453123831
185,1179517908598037670,1330246667453123831
444,1185369053007173340,1317523244428404029
601,1217878929984489586,1317524175821263816
653,1245797136422241753,1317544188597835749
700,1245801538268604812,1317544825246168699
561,1201579678287367834,1317523480377823111
