request_id,member_id,taxation
1109580628261484857,313298,Qualified
1109581969223284083,313298,Qualified
1109580030644371502,313298,Qualified
1109583762652183963,313298,Qualified
1109514164477841358,318763,Qualified
1109558990483447935,298772,Non-Qualified
1109557790452140081,298772,Non-Qualified
1109554354408590132,315917,Non-Qualified
1109547024368183908,322082,Qualified
1109542774329004093,324605,Non-Qualified
1109567058528458155,287518,Non-Qualified
1109563413285289866,287518,Non-Qualified
1109564073393986706,287518,Non-Qualified
1109503471706174826,264510,Non-Qualified
1109110575963127542,216276,Non-Qualified
1109140797144085956,310017,Qualified
1109177332383909988,253260,Non-Qualified
1109153133320247330,322730,Non-Qualified
1109139146762852565,323570,Non-Qualified
1109181554076435043,265117,Non-Qualified
1109147503799547312,323574,Non-Qualified
1109146838242941945,271967,Non-Qualified
1108829259919126063,311503,Qualified
1108828047744201952,311503,Qualified
1108791891683448059,267586,Qualified
1108790767562753235,318763,Qualified
1108787958293932273,318763,Qualified
1108868584092828529,318763,Qualified
1108791773800454320,318763,Qualified
1108789983321434107,318763,Qualified
1108846331330343823,301122,Non-Qualified
1108845573099502069,301122,Non-Qualified
1108847818987525783,301122,Non-Qualified
1108849237004421439,301122,Non-Qualified
1108848157530428634,301122,Non-Qualified
1108846839845242925,301122,Non-Qualified
1108850972694248680,301122,Non-Qualified
1108851706593082205,301122,Non-Qualified
1108851291405120209,301122,Non-Qualified
1108845143969158951,301122,Non-Qualified
1108845963727565754,301122,Non-Qualified
1108849593493829498,301122,Non-Qualified
1108847406068480548,301122,Non-Qualified
1108848576565626425,301122,Non-Qualified
1108840304231399675,287705,Non-Qualified
1108851599230710645,298897,Non-Qualified
1108850613040422015,298897,Non-Qualified
1108849582903622728,298897,Non-Qualified
1108789694207715759,320703,Qualified
1108776554472019487,315284,Non-Qualified
1108474107569753326,305847,Non-Qualified
1108461994609106875,311083,Qualified
1108435989598509983,289741,Non-Qualified
1108404748984292143,318939,Non-Qualified
1108453287784906333,264313,Non-Qualified
1108399521346746720,323957,Non-Qualified
1108507201035985982,272495,Qualified
1108392740684269335,287705,Non-Qualified
1108442959378876876,324356,Non-Qualified
1108478602674655846,307304,Non-Qualified
1108444901736701509,307332,Non-Qualified
1108516533356011291,274488,Non-Qualified
1108515522533357629,274488,Non-Qualified
1108079919369214664,285971,Non-Qualified
1108058580326172602,323954,Non-Qualified
1108103882724029813,297625,Non-Qualified
1108101241672016780,297625,Non-Qualified
1108105017702630851,297625,Non-Qualified
1108062029638130021,294440,Non-Qualified
1108064203007405457,294440,Non-Qualified
1108061124904351957,294440,Non-Qualified
1108027861584505852,247606,Non-Qualified
1108027117882263923,247606,Non-Qualified
1108153377831220342,322201,Non-Qualified
1108078341898240048,323295,Non-Qualified
1108072919510986715,288861,Non-Qualified
1108087275365990772,292278,Non-Qualified
1108080549397191928,257494,Non-Qualified
1108054132747818659,307332,Non-Qualified
1108046359468530631,264556,Non-Qualified
1108071632113607891,274488,Non-Qualified
1106980619637925838,304071,Non-Qualified
1107056630679124765,264313,Non-Qualified
1106960266287408455,299602,Non-Qualified
1106961218811212078,299602,Non-Qualified
1107056159239601763,179430,Qualified
1106956436326899664,283587,Non-Qualified
1107004415887989813,299154,Non-Qualified
1106953331892693130,291655,Non-Qualified
1107058111068158849,323721,Qualified
1107014931283886948,271642,Qualified
1107013309276703500,271642,Qualified
1106952904990659778,315284,Non-Qualified
1107017738303953117,306353,Non-Qualified
1106951093404689675,315722,Non-Qualified
1106977047200313001,315722,Non-Qualified
1106966013762215166,315925,Non-Qualified
1106646570952585292,264313,Non-Qualified
1106668258523064966,264313,Non-Qualified
1106586423705845525,303771,Qualified
1106580263080513364,244590,Qualified
1106585629082868155,226020,Non-Qualified
1106628517496782403,283587,Non-Qualified
1106642475083172055,264296,Non-Qualified
1106587146026200090,286434,Qualified
1106210924217098629,294402,Non-Qualified
1106225225988249269,306283,Qualified
1106227170864323716,306283,Qualified
1106226957238885699,306283,Qualified
1106262273592191848,264436,Non-Qualified
1106304201296580788,265117,Non-Qualified
1106258714430660694,247606,Non-Qualified
1106271941554806786,299154,Non-Qualified
1106267688002924512,319929,Non-Qualified
1106290245581331734,315722,Non-Qualified
1106277893606792205,315722,Non-Qualified
1106278632858187057,315722,Non-Qualified
1106234326342223725,286054,Non-Qualified
1106231891984237954,286054,Non-Qualified
1106253443634052035,264510,Non-Qualified
1105852149854451698,284432,Qualified
1105860057095682398,288592,Qualified
1105858529139359370,288592,Qualified
1105882126591651480,318857,Qualified
1105856226924268070,247606,Non-Qualified
1105931527990851571,315009,Non-Qualified
1105936672485226665,272265,Qualified
1105876535214562120,226020,Non-Qualified
1105865560657118474,201762,Non-Qualified
1105870823948843452,315284,Non-Qualified
1105914244527605175,320247,Non-Qualified
1105871712782150035,271967,Non-Qualified
1105890380815855106,321436,Non-Qualified
1105517196857753716,224511,Non-Qualified
1105580846022467013,289741,Non-Qualified
1105548542879576676,264373,Non-Qualified
1105489783164131192,322201,Non-Qualified
1105490231133856992,322201,Non-Qualified
1105491540877891397,322201,Non-Qualified
1105521849310293462,196616,Non-Qualified
1105598337332273823,285947,Non-Qualified
1105529747744651928,254074,Qualified
1105584919514557448,289891,Non-Qualified
1105551597320049618,279644,Non-Qualified
1105553388776702284,279644,Non-Qualified
1105496392407165276,317786,Non-Qualified
1105580668263987703,288861,Non-Qualified
1105560496173057382,264388,Non-Qualified
1105561936561410001,264388,Non-Qualified
1105539279521658221,265403,Non-Qualified
1105541070218385844,265403,Non-Qualified
1105540230031267921,265403,Non-Qualified
1105542285921699370,265403,Non-Qualified
1105543222046584536,265403,Non-Qualified
1105543952792361410,265403,Non-Qualified
1105544734101474876,265403,Non-Qualified
1105545582067802803,265403,Non-Qualified
1105510731070728021,290313,Qualified
1105582651668409776,271967,Non-Qualified
1104428127959726641,311083,Qualified
1104412576893547651,299602,Non-Qualified
1104412201030246429,299602,Non-Qualified
1104437582007296409,289891,Non-Qualified
1104466737285300884,289891,Non-Qualified
1104491238583429558,278327,Non-Qualified
1104483419703614374,264418,Non-Qualified
1104517409907066982,286332,Qualified
1104432189873919807,226843,Non-Qualified
1104419192509220005,266170,Non-Qualified
1104488590093549316,264589,Non-Qualified
1104487708610161715,264589,Non-Qualified
1104087555486608579,271622,Non-Qualified
1104161580968682172,289682,Non-Qualified
1104162782497176762,289682,Non-Qualified
1104125078248015259,292871,Non-Qualified
1104050779807467442,272322,Non-Qualified
1104051691281705609,272322,Non-Qualified
1104050245459398924,272322,Non-Qualified
1104084655539767077,318988,Qualified
1104084461478964455,318988,Qualified
1104062204795219883,268576,Non-Qualified
1104119846693456708,279644,Non-Qualified
1104121433226189156,279644,Non-Qualified
1104060171075616601,266605,Qualified
1104073054830105021,264315,Non-Qualified
1104076730000751573,264315,Non-Qualified
1104114534668752020,285398,Non-Qualified
1103701721540524516,310017,Qualified
1103717296458351505,187596,Qualified
1103768703286109706,291969,Non-Qualified
1103712483891515073,264313,Non-Qualified
1103713443777949963,264317,Non-Qualified
1103707962794109935,315009,Non-Qualified
1103698599564937292,307728,Qualified
1103689551945408134,249626,Qualified
1103688815968986792,249626,Qualified
1103696808057555783,320703,Qualified
1103773365831801201,307304,Non-Qualified
1103772796002154317,307304,Non-Qualified
1103710469280850600,264517,Non-Qualified
1103709277222970309,264517,Non-Qualified
1103712312581713303,264517,Non-Qualified
1103706136603830384,264517,Non-Qualified
1103709116138381994,273583,Non-Qualified
1103788907396330689,304452,Non-Qualified
1103790949008166942,304452,Non-Qualified
1103374310633946885,310017,Qualified
1103376013158933474,310017,Qualified
938471977392376333,153968,Qualified
938471568732975982,153968,Qualified
1103337982553751265,154101,Qualified
1103380183995923775,300971,Non-Qualified
1103344341842953853,272322,Non-Qualified
1103380701591824762,264329,Non-Qualified
1103354782947485831,264313,Non-Qualified
1103392034902715791,313406,Non-Qualified
1103343989989135649,266561,Qualified
1103401586728985047,285202,Non-Qualified
1103348361327431089,322082,Qualified
1103365966545012384,289528,Non-Qualified
902679484649450898,153968,Qualified
893157900445021742,153968,Qualified
1103426800799284183,271409,Qualified
1103430354213443838,271409,Qualified
870338933999739159,153968,Qualified
1103361250890151454,320703,Qualified
1103431735086004612,287518,Non-Qualified
1103043724021377374,180626,Qualified
1103045313632925888,217372,Qualified
1103045574268209851,217372,Qualified
1103022073354441758,290975,Non-Qualified
1102952420966976707,314796,Non-Qualified
1102966668397839614,264313,Non-Qualified
1102989164197209924,247606,Non-Qualified
1102974854838489424,292115,Qualified
1102990156301310683,284707,Non-Qualified
1102988445119239541,264577,Non-Qualified
1103077581271731382,286332,Qualified
1103077134184235982,286332,Qualified
869940916555577429,153968,Qualified
1102972107345086643,315284,Non-Qualified
1102992482619520664,307304,Non-Qualified
1102991479284482922,307304,Non-Qualified
1103043731002751821,269218,Non-Qualified
1103000421695804993,277471,Non-Qualified
1102996248901415663,277471,Non-Qualified
1102995046649842386,277471,Non-Qualified
1102994005403739819,277471,Non-Qualified
1102998628896035152,277471,Non-Qualified
1103007250995663604,304452,Non-Qualified
1103044189189197853,304452,Non-Qualified
1103007571940788798,304452,Non-Qualified
1101875053252666393,283833,Qualified
1101958775529745741,292007,Qualified
1101885406282997410,319449,Non-Qualified
1101881178861972124,307982,Non-Qualified
1101969814142547203,289891,Non-Qualified
1101878541834814209,265499,Non-Qualified
1101889703029078889,319929,Non-Qualified
824091335834300426,153968,Qualified
1101523840492792096,289741,Non-Qualified
824090821966792898,153968,Qualified
824090251917420214,153968,Qualified
805333159119784456,153968,Qualified
805334972924523056,153968,Qualified
805337290398836339,153968,Qualified
805335883453637754,153968,Qualified
805335678053243403,153968,Qualified
805334326247703731,153968,Qualified
805332751683375861,153968,Qualified
805335236211263068,153968,Qualified
1101612798171604611,286206,Non-Qualified
1101580747367961733,286206,Non-Qualified
1101615353488829756,286206,Non-Qualified
1101590220970600214,286206,Non-Qualified
1101614264032562263,286206,Non-Qualified
1101617603979858764,286206,Non-Qualified
1101618615066700952,286206,Non-Qualified
1101584744307803080,286206,Non-Qualified
1101522079009710514,290975,Non-Qualified
1101585254730569797,264392,Non-Qualified
1101586071129347899,264392,Non-Qualified
1101609661175784841,259735,Non-Qualified
1101210728281050371,284432,Qualified
1101154981559838592,187596,Qualified
1101134528767751091,217372,Qualified
1101134071269878723,217372,Qualified
1101225694815726815,318216,Qualified
1101196652880543489,264313,Non-Qualified
809211962048315283,154000,Qualified
807117419531702373,154000,Qualified
1021857761328093299,155160,Qualified
1101201813758787879,302663,Non-Qualified
1101202072990589389,302663,Non-Qualified
1101201509701913013,302663,Non-Qualified
1101157077995974349,196616,Non-Qualified
1101163549371703920,285947,Non-Qualified
1101161531186065253,285947,Non-Qualified
1101144207930931921,319929,Non-Qualified
1101185648317430671,266605,Qualified
1100788423019657785,319296,Non-Qualified
1100804128998100489,319296,Non-Qualified
1100802070670733055,284918,Qualified
1100861178452083114,224163,Non-Qualified
1100804453791508367,218148,Qualified
1100850207663911558,265213,Non-Qualified
1100893794642010919,307310,Non-Qualified
1100894480623895048,307310,Non-Qualified
1100895431868264475,307310,Non-Qualified
1100892947607502196,307310,Non-Qualified
1100797038538255996,288983,Qualified
1100826329245727693,277811,Non-Qualified
1100843808793661315,277811,Non-Qualified
1100788257415922632,287518,Non-Qualified
1100789280372330262,287518,Non-Qualified
1100807432945358286,260313,Non-Qualified
1100434030266440078,318334,Qualified
862071770147935208,155160,Qualified
1100456425663196406,320407,Non-Qualified
1100411860583563877,257580,Qualified
1100457416702076218,270318,Non-Qualified
1100454111928525481,304113,Non-Qualified
1100458778013652766,315009,Non-Qualified
1100474205684257095,302780,Non-Qualified
1100481519022684273,260331,Non-Qualified
1100482459214118833,260331,Non-Qualified
1100504525405004960,307171,Non-Qualified
1100462578566217250,307171,Non-Qualified
1100435298599238671,264418,Non-Qualified
1100490891448816564,264296,Non-Qualified
1099345567672728640,224113,Non-Qualified
1099435875454749810,318216,Qualified
1099436918314509755,318216,Qualified
1099407705377584937,290975,Non-Qualified
1099409829107954305,264313,Non-Qualified
1099349605511688341,303904,Non-Qualified
1099353347015180611,317630,Qualified
1099348621213874161,259735,Non-Qualified
1099437157198652115,264418,Non-Qualified
1099413462774524112,301033,Non-Qualified
1099393602402847159,284378,Non-Qualified
859914054134184558,155160,Qualified
1099350131553924062,288861,Non-Qualified
1099326291211310490,271967,Non-Qualified
1098986259831282075,280334,Qualified
1099017817254985341,272102,Qualified
1099018285195028894,272102,Qualified
1099039386604547785,265213,Non-Qualified
1098984087206621122,264313,Non-Qualified
1099081034247063926,276305,Non-Qualified
1098998183953627858,264418,Non-Qualified
1099014684397585447,265850,Non-Qualified
1099011090499369654,265850,Non-Qualified
1099013235761812942,265850,Non-Qualified
1098645438689701612,267586,Qualified
1098722988837103787,306036,Qualified
1098722191372975727,306036,Qualified
1098719748311627493,306036,Qualified
1098672822765554289,319449,Non-Qualified
1098690591701883837,265213,Non-Qualified
1098686433875609560,264317,Non-Qualified
1098637099152360196,266561,Qualified
1098640216623396586,281008,Non-Qualified
1098693823512377060,307088,Non-Qualified
1098693202200327308,307088,Non-Qualified
1098654042499741446,284465,Non-Qualified
1098626912539701919,285356,Non-Qualified
1098624588107155798,286054,Non-Qualified
1098629359033101196,264517,Non-Qualified
1098621717847716477,245102,Qualified
1098615006422929061,245102,Qualified
1098659466210639748,260313,Non-Qualified
1098257317066318723,280334,Qualified
1098251525851622450,284918,Qualified
1098292083975602141,267586,Qualified
1098290454964673107,267586,Qualified
1098260322534955514,285949,Non-Qualified
1098268636437471929,220165,Non-Qualified
1098267208874636133,220165,Non-Qualified
1098266669357317240,220165,Non-Qualified
1098333742189015380,264294,Non-Qualified
1098262357992534662,278067,Non-Qualified
1098271033998054368,260331,Non-Qualified
1098271643428096342,260331,Non-Qualified
1098246994938583518,224846,Qualified
1098318138914803120,264589,Non-Qualified
1098251340566011308,269218,Non-Qualified
1098251888361283698,269218,Non-Qualified
1098253099790020486,269218,Non-Qualified
850373971594517817,155160,Qualified
840601954821917521,155160,Qualified
911285822378814205,157113,Qualified
1097964452772536864,277112,Non-Qualified
1097963133876822247,277112,Non-Qualified
1097961720889097838,277112,Non-Qualified
1097963831972875835,277112,Non-Qualified
1097914647773550592,280681,Non-Qualified
901535743901362749,157444,Qualified
1097919513972656521,286206,Non-Qualified
1097915882499597654,306283,Qualified
1097909215228481627,272322,Non-Qualified
1097911965667955900,264313,Non-Qualified
1097912354706155745,264313,Non-Qualified
1097899724665051083,288555,Qualified
1097938958185586348,318542,Non-Qualified
1097897148762303859,196616,Non-Qualified
1097897591767023481,196616,Non-Qualified
1097900726429675454,283587,Non-Qualified
1097910993399761378,259735,Non-Qualified
1097956421210997390,264418,Non-Qualified
1097928525095637511,307088,Non-Qualified
1097897684826784845,319393,Non-Qualified
1097993732998204441,316108,Non-Qualified
812194474149346044,162448,Qualified
1097958088902193532,315284,Non-Qualified
1097921304356189820,223720,Qualified
1097923560341777292,223720,Qualified
1097922454321272958,223720,Qualified
1097913703216507827,289818,Non-Qualified
1097914400354993706,289818,Non-Qualified
1097915243628032547,289818,Non-Qualified
1096825573875527365,290366,Non-Qualified
1096829076185716857,290111,Qualified
1096910647194592889,280334,Qualified
1096806935280662777,264313,Non-Qualified
1096800207246440650,258737,Non-Qualified
1096798866530003628,258737,Non-Qualified
1096797781799028157,258737,Non-Qualified
1096800645366165277,258737,Non-Qualified
1096799631384918850,258737,Non-Qualified
1096793910287550495,276162,Non-Qualified
1096803159613754232,196616,Non-Qualified
1096886739136296540,285805,Non-Qualified
1096904621704636213,305849,Qualified
1096888086763606814,225228,Qualified
1096479110242230127,315072,Qualified
1096479599466708084,315072,Qualified
1096503568471897413,272102,Qualified
1096501244042879078,267586,Qualified
1096537999570643389,297625,Non-Qualified
1096436225687760116,307126,Non-Qualified
1096453123590906969,289056,Non-Qualified
1096512484014957383,278067,Non-Qualified
1096542534545981477,276162,Non-Qualified
1096448944342064371,260331,Non-Qualified
1096442491611779230,264418,Non-Qualified
1096443902933624742,264418,Non-Qualified
1096507615855949003,223720,Qualified
1096461352490685202,265866,Non-Qualified
1096085603228322335,315072,Qualified
1096070247700646448,273440,Non-Qualified
1096182250590394980,315671,Non-Qualified
1096119819532474939,272265,Qualified
1096120734417448094,272265,Qualified
1096158998806750972,285947,Non-Qualified
1096125504921552669,264499,Non-Qualified
1096138101378240492,276993,Qualified
1096094529899459670,264352,Non-Qualified
1095799751716047151,289531,Qualified
1095766855981135870,267586,Qualified
1095766463644536836,267586,Qualified
1014599678049199096,165440,Qualified
903729277223973347,165440,Qualified
1095772415066235122,289741,Non-Qualified
1095772967821776982,289741,Non-Qualified
1095782419692702416,264394,Non-Qualified
1095835142643314594,264564,Non-Qualified
1095837507538237975,264564,Non-Qualified
1095710637472588114,264313,Non-Qualified
1095755421426399476,292853,Non-Qualified
1095726704618327228,303904,Non-Qualified
1095777457105675791,247606,Non-Qualified
1095714410433726503,315009,Non-Qualified
1095806328984067671,285202,Non-Qualified
1095814162163533112,285202,Non-Qualified
1095805195878528983,285202,Non-Qualified
1095747943717053890,244918,Non-Qualified
1095754060171819884,244918,Non-Qualified
1095751197945273914,244918,Non-Qualified
1095749662178586487,244918,Non-Qualified
1095751902733767837,244918,Non-Qualified
1095748950561119068,244918,Non-Qualified
1095752467626537075,244918,Non-Qualified
1095739835056348727,272495,Qualified
1095742405573074998,272495,Qualified
1095740988535148589,272495,Qualified
1095738044114426922,272495,Qualified
1095739002542948857,272495,Qualified
1095741745128482003,272495,Qualified
1095787697832945495,291670,Qualified
1095781201223524687,272265,Qualified
1095776811651798832,291183,Non-Qualified
1095775486791250890,291183,Non-Qualified
1095734816576373433,264577,Non-Qualified
1095783115459279189,306353,Non-Qualified
1095797637315612662,225228,Qualified
1095797294532667832,225228,Qualified
1095798000624570303,225228,Qualified
1095854369088551227,264361,Non-Qualified
869962096234238975,173367,Qualified
1095419636213615246,291953,Non-Qualified
1095452022911137883,291636,Non-Qualified
1095414665017012622,307505,Non-Qualified
1095467030321221016,272322,Non-Qualified
1095431714570339338,227256,Qualified
1095433197609912113,227256,Qualified
1095432614133292525,227256,Qualified
1095436709388949668,264317,Non-Qualified
1095435739098830072,264317,Non-Qualified
1095394176257518789,266561,Qualified
1095385793117702418,291670,Qualified
1095379537551174048,285947,Non-Qualified
1095333740041608611,264577,Non-Qualified
1095403200663678896,284465,Non-Qualified
1095402544838422373,284465,Non-Qualified
1095488613149746309,286435,Qualified
1095446047192794755,284277,Non-Qualified
1095447540665727998,284277,Non-Qualified
1095445304880251818,284277,Non-Qualified
1095455440323695097,263791,Non-Qualified
868235860954988188,173367,Qualified
868235415746369364,173367,Qualified
864587395838899901,173367,Qualified
1095418251726922957,315284,Non-Qualified
1095418623208871510,315284,Non-Qualified
1095418950635523436,315284,Non-Qualified
1095375919655957810,292621,Non-Qualified
1095463146514380505,223720,Qualified
1095464112844718220,223720,Qualified
1095462306020311493,223720,Qualified
1093905056560251041,285971,Non-Qualified
1093902395569331245,301357,Qualified
1093963529767479300,224140,Non-Qualified
845741507423714156,173367,Qualified
967501040018142929,182253,Qualified
1093972463936755061,289741,Non-Qualified
1093972031211645491,289741,Non-Qualified
1093972378750554729,307505,Non-Qualified
1093972734359640699,307505,Non-Qualified
1093975599620311976,315009,Non-Qualified
1093928754195174259,285202,Non-Qualified
1093968445216458215,286901,Non-Qualified
1093998747726437930,241389,Non-Qualified
1094019488548946931,264577,Non-Qualified
1093907156183354375,301033,Non-Qualified
1094006496536808007,276993,Qualified
1093952862540820244,223720,Qualified
1093951863889233167,223720,Qualified
1093951045639204113,223720,Qualified
1093950410161560957,223720,Qualified
1093955230595866927,264510,Non-Qualified
1093543926101475810,299724,Non-Qualified
1093544691877332033,299724,Non-Qualified
1093548107728804498,299335,Non-Qualified
1093581451529303169,264436,Non-Qualified
1093621274884062588,314796,Non-Qualified
1093624918703913124,314796,Non-Qualified
1093595270565426106,281008,Non-Qualified
1093589636230574672,259735,Non-Qualified
1093588412945260582,259735,Non-Qualified
1093606290842092540,281310,Non-Qualified
1093572422273176048,284465,Non-Qualified
1093613831389633231,284378,Non-Qualified
1093260458269323763,285971,Non-Qualified
1093042502226420611,285971,Non-Qualified
1093257950258395609,280334,Qualified
1093258665060594475,280334,Qualified
1093055731452165919,267586,Qualified
1093252111127634730,210393,Non-Qualified
1093253707705829021,210393,Non-Qualified
1093050843816003344,283833,Qualified
1093306622523414847,315539,Non-Qualified
1093211044995441861,302575,Non-Qualified
1093234229750301001,218148,Qualified
1093233584736082121,218148,Qualified
1093232725602218795,218148,Qualified
1093181402620225834,265352,Non-Qualified
1093310018372576952,291670,Qualified
1093230728909489959,291183,Non-Qualified
1093227965179749917,291183,Non-Qualified
1093220791493317771,303552,Non-Qualified
1093281180265211213,283587,Non-Qualified
1093184348253546332,258239,Non-Qualified
1093296754015172066,264296,Non-Qualified
1093190637286621438,224846,Qualified
1093191028976427727,264589,Non-Qualified
1093240453696596085,264589,Non-Qualified
1092801982828689048,290366,Non-Qualified
1092931021937507235,178710,Qualified
1092931021937507235,178710,Qualified
1092932023230664805,178710,Qualified
1092932023230664805,178710,Qualified
1092932023230664805,178710,Qualified
1092932023230664805,178710,Qualified
1092931021937507235,178710,Qualified
1092931021937507235,178710,Qualified
1092818076500857734,180626,Qualified
1092869733481986004,217372,Qualified
1092870651632798776,217372,Qualified
1092850957222333091,267586,Qualified
1092849663172265693,267586,Qualified
1092855977862871406,267586,Qualified
1092847225052983434,267586,Qualified
1092854565610956906,267586,Qualified
1092852035888803319,267586,Qualified
1092853567092692261,267586,Qualified
799777599355039639,188349,Qualified
799777435638536068,188349,Qualified
1092858031144652688,289741,Non-Qualified
1092857857213865165,289741,Non-Qualified
1092840096037955792,284755,Non-Qualified
1092834317456752345,264428,Non-Qualified
1092908421712535180,315009,Non-Qualified
1092825061261183435,291670,Qualified
1092821586241820298,286901,Non-Qualified
799776594335773797,188349,Qualified
1092927055421388756,302663,Non-Qualified
1092866789631385246,196668,Non-Qualified
1092866789631385246,196668,Non-Qualified
1092866329149755027,196668,Non-Qualified
1092866329149755027,196668,Non-Qualified
1092866329149755027,196668,Non-Qualified
1092866329149755027,196668,Non-Qualified
1092866789631385246,196668,Non-Qualified
1092866789631385246,196668,Non-Qualified
1092911380051778579,241389,Non-Qualified
1092878809070130474,304230,Non-Qualified
1092891793310436154,288983,Qualified
1092844690949816467,274082,Qualified
799776332241944819,188349,Qualified
799777236615256889,188349,Qualified
1092925075211739119,315284,Non-Qualified
1092925327443822580,315284,Non-Qualified
799777098157634947,188349,Qualified
1091796851233720049,224113,Non-Qualified
1091799127940833072,224113,Non-Qualified
1091758285533669659,291932,Qualified
1091758946967082125,291932,Qualified
1091738346142066641,275023,Non-Qualified
1091820624976807837,304113,Non-Qualified
1091823233960588876,304113,Non-Qualified
1091816694657908549,304113,Non-Qualified
1091804842890756362,244918,Non-Qualified
1091811543221602851,244918,Non-Qualified
1091812205532249864,244918,Non-Qualified
1091806091669510166,244918,Non-Qualified
1091764089459956752,275252,Non-Qualified
1091740544147246498,241389,Non-Qualified
1091729427785660503,273857,Qualified
1091834871046206935,276044,Qualified
1091449691874511717,290366,Non-Qualified
1091366589259238547,285949,Non-Qualified
1091464437431413503,264373,Non-Qualified
799777721464256738,188349,Qualified
1091440718693099022,289528,Non-Qualified
1091377187158182137,284465,Non-Qualified
1091381092406289571,273857,Qualified
1091383684916392473,273857,Qualified
1091384514108130173,273857,Qualified
1091382959911566268,273857,Qualified
1091381676371573127,273857,Qualified
1091362869788389606,274082,Qualified
1091459224778011422,274082,Qualified
1091362030362190953,274082,Qualified
1091364577850358600,274082,Qualified
1091365426559807815,274082,Qualified
1091452950995932312,307939,Non-Qualified
1091044155591908301,283809,Non-Qualified
1091063016456463547,283809,Non-Qualified
1091043757748710066,283809,Non-Qualified
1091042231592750719,283809,Non-Qualified
1090985081173458408,289682,Non-Qualified
1091014741207420472,272322,Non-Qualified
1091011591298328269,285429,Non-Qualified
1091012719416140317,285429,Non-Qualified
1091032980405888210,264294,Non-Qualified
1091103208928447182,303904,Non-Qualified
1091103845636975591,303904,Non-Qualified
1091104229633705348,303904,Non-Qualified
1091104513889848576,303904,Non-Qualified
1091061332196940617,271633,Non-Qualified
1091055452707747159,264418,Non-Qualified
1091025288923014444,307397,Non-Qualified
1091023856411479571,289725,Qualified
1091021607618220109,289725,Qualified
1091022481342222961,289725,Qualified
1091022824764379432,289725,Qualified
1091118336571511555,271409,Qualified
1091006146920920554,274082,Qualified
1091007246372699727,274082,Qualified
1091000539175045152,265899,Non-Qualified
1091017633728083528,271967,Non-Qualified
1090717832590440917,154101,Qualified
1090718214385540851,154101,Qualified
1090717117410211626,154101,Qualified
799776049562894178,188349,Qualified
1090655571509731436,291953,Non-Qualified
1090676984392368321,280681,Non-Qualified
1090678946521311929,272322,Non-Qualified
1090640731420754621,265154,Non-Qualified
1090633133120270515,264317,Non-Qualified
1090633971231907781,264317,Non-Qualified
1090430663714183107,264488,Non-Qualified
1090431994551713885,264488,Non-Qualified
1090430278014333123,264488,Non-Qualified
1090636940874907857,287054,Non-Qualified
1090636259796623105,287054,Non-Qualified
1090656196505055868,289528,Non-Qualified
1090684265045387117,307088,Non-Qualified
1090685230440832226,307088,Non-Qualified
1090667877840261177,292185,Non-Qualified
1090713011485815472,265866,Non-Qualified
1090715300910978720,265866,Non-Qualified
1090341798780868458,284694,Non-Qualified
1090342449639254404,224113,Non-Qualified
1090340995237853714,224113,Non-Qualified
1090385298779613574,305926,Non-Qualified
1090337345166757373,272322,Non-Qualified
1090278184379361278,272322,Non-Qualified
1090264245740502740,264288,Non-Qualified
1090265465863256932,264288,Non-Qualified
1090264650475503178,264288,Non-Qualified
1090279401483279389,265352,Non-Qualified
1090280432370533104,265352,Non-Qualified
1090280144060750672,265352,Non-Qualified
1090281672961766470,265352,Non-Qualified
1090299908476581495,259687,Non-Qualified
991413899368151461,193698,Qualified
976484460539700509,193698,Qualified
949791126136666694,193698,Qualified
930970472685242843,193698,Qualified
915324201770677651,193698,Qualified
915323520001593935,193698,Qualified
910895600088908986,193698,Qualified
907684601800283476,193698,Qualified
907657463513639003,193698,Qualified
907690951616963174,193698,Qualified
907686330929320735,193698,Qualified
907658658690157069,193698,Qualified
1090289447439367617,302663,Non-Qualified
1090288893673905898,302663,Non-Qualified
1090287109820568054,302663,Non-Qualified
1090289151138192191,302663,Non-Qualified
1090287656003748213,302663,Non-Qualified
1090286786609885640,302663,Non-Qualified
1090288191141151885,302663,Non-Qualified
1090287390613656430,302663,Non-Qualified
1090290205080061825,302663,Non-Qualified
1090287912341218006,302663,Non-Qualified
1090289981163886841,302663,Non-Qualified
1090289706122181485,302663,Non-Qualified
1090296998388483411,285805,Non-Qualified
1090298047996285202,285805,Non-Qualified
1090312415745644547,265850,Non-Qualified
1090284928378019901,284465,Non-Qualified
1090271643731983672,226843,Non-Qualified
1090366954800479891,287437,Non-Qualified
1090364267158243264,287437,Non-Qualified
1090369905480729184,287437,Non-Qualified
1090287867498282408,284852,Non-Qualified
1089196830848810544,272322,Non-Qualified
1089261813513002456,272322,Non-Qualified
1089205092196995388,294192,Non-Qualified
1089191103343782500,287054,Non-Qualified
1089190530633839403,287054,Non-Qualified
1089193527181214870,265499,Non-Qualified
1089242901808562472,286684,Non-Qualified
1089242383354234624,286684,Non-Qualified
1088897272340029951,291932,Qualified
1088900572499190854,301357,Qualified
1088898254144195118,196362,Qualified
1088835362836217670,312420,Non-Qualified
1088836186831344911,312420,Non-Qualified
1088823951252285787,264144,Non-Qualified
1088833766002126005,272322,Non-Qualified
1088890809165138637,292007,Qualified
1088890170825613864,292007,Qualified
1088891470804980590,292007,Qualified
1088847061997069342,264317,Non-Qualified
907688272873452301,193698,Qualified
1088895103780231996,285947,Non-Qualified
1088896140319846034,270862,Qualified
1088843094654099713,289528,Non-Qualified
1088842548479731930,289528,Non-Qualified
1088841346647650164,289528,Non-Qualified
1088835274366285033,286804,Non-Qualified
1088860229626726759,284378,Non-Qualified
1088466944988068741,178883,Qualified
1088498966986278935,224511,Non-Qualified
1088475627046616222,224536,Qualified
1088476592296566061,224536,Qualified
1088460089275650283,264373,Non-Qualified
1088486389444876209,304113,Non-Qualified
1088505310757223261,284465,Non-Qualified
1088510315183813889,284465,Non-Qualified
1088472654321676875,291982,Non-Qualified
1088513481985978905,286289,Non-Qualified
1088513907690501110,286289,Non-Qualified
1088137101272024900,225178,Non-Qualified
1088140200446964834,225178,Non-Qualified
1088139344426446453,225178,Non-Qualified
1088140685843442582,225178,Non-Qualified
1088136548823924537,225178,Non-Qualified
1088137068885780655,225178,Non-Qualified
1088135213912843129,225178,Non-Qualified
1088134137531922914,225178,Non-Qualified
1088136157487571623,225178,Non-Qualified
1088138951295718449,225178,Non-Qualified
1088120173092225676,289741,Non-Qualified
1088196921554782480,285940,Non-Qualified
1088100899186139703,307982,Non-Qualified
1088203679095921778,284339,Non-Qualified
1088132230523665022,266170,Non-Qualified
1088151106555416747,287437,Non-Qualified
1088097878351215218,269218,Non-Qualified
1087738492756056028,286066,Non-Qualified
1087757496865313702,291932,Qualified
1087751792623129874,291932,Qualified
1087757945190534219,291932,Qualified
1087747374916740286,277547,Qualified
1087842009644045652,227256,Qualified
1087843763610774267,227256,Qualified
1087809262610742349,244590,Qualified
1087743000764206359,287054,Non-Qualified
1087755221074698079,286901,Non-Qualified
1087769973280705809,307310,Non-Qualified
1087770599527681675,307310,Non-Qualified
1087740789876143986,284707,Non-Qualified
1087782134071290114,289528,Non-Qualified
1086694673656090215,283809,Non-Qualified
1086687487364571563,283809,Non-Qualified
1086687099848408650,283809,Non-Qualified
1086695095197290605,283809,Non-Qualified
1086708005267677953,285981,Qualified
1086722117779990293,154101,Qualified
1086708561615816482,210393,Non-Qualified
1086653183237759011,288726,Non-Qualified
1086747172627804584,265154,Non-Qualified
1086746815025965225,265154,Non-Qualified
1086710691488489564,307310,Non-Qualified
1086660259358499455,264393,Non-Qualified
1086648236526368496,265499,Non-Qualified
1086649157464521772,265499,Non-Qualified
1086678805013905817,266265,Non-Qualified
1086678170039239477,266265,Non-Qualified
826863028349666803,193698,Qualified
1086671547138113261,288861,Non-Qualified
1086308218599239155,196362,Qualified
1086296581951916814,291572,Non-Qualified
1086295955947757665,291572,Non-Qualified
1086297230004500344,291572,Non-Qualified
1086296258541497433,291572,Non-Qualified
1086296945537923297,291572,Non-Qualified
1086295568559710339,291572,Non-Qualified
1086297750723059310,210393,Non-Qualified
1086298184777830558,210393,Non-Qualified
1086297275619870138,210393,Non-Qualified
1086300423302114275,210393,Non-Qualified
1086311738890960741,246516,Non-Qualified
1086370297486996644,307126,Non-Qualified
1086312828928544210,264313,Non-Qualified
1086303897141427789,286901,Non-Qualified
1086300166157946666,275212,Non-Qualified
1086287037262972454,286437,Non-Qualified
1086302240581701552,307500,Non-Qualified
1086359932250372643,292873,Qualified
1086361541029616786,292873,Qualified
1086360563941350865,292873,Qualified
1086291684475717819,283442,Non-Qualified
1086291108500537023,283442,Non-Qualified
1085936998940874991,180626,Qualified
1085937943695634941,180626,Qualified
1085941351704489333,180626,Qualified
1085940324295826704,180626,Qualified
1085935171726723628,180626,Qualified
1085934265336013947,180626,Qualified
1085926724872349024,225520,Non-Qualified
1085927431102459707,225520,Non-Qualified
832079391147930205,193701,Non-Qualified
1085936309026978775,291953,Non-Qualified
1086028701339532219,285437,Non-Qualified
1086030325164985377,285437,Non-Qualified
1086029921634933117,285437,Non-Qualified
1085936783498849123,265154,Non-Qualified
1085948543386441355,284810,Non-Qualified
1085959303178115778,268576,Non-Qualified
1085939518065818518,258239,Non-Qualified
1085954595362265021,284277,Non-Qualified
1085952487417719283,284277,Non-Qualified
1085957297731198779,284277,Non-Qualified
1085956028548289693,284277,Non-Qualified
1085949953522129703,284277,Non-Qualified
830287394083274271,193745,Qualified
1086027579898093666,288861,Non-Qualified
1086007419410525870,292873,Qualified
1085576480120245228,307592,Non-Qualified
1085570238961406088,288726,Non-Qualified
1085577857242174560,265085,Non-Qualified
1085614181556129167,264294,Non-Qualified
1085574037003505762,286235,Non-Qualified
1085571570962142137,244590,Qualified
1085571012798360762,244590,Qualified
1085614974780837119,275212,Non-Qualified
1085644510576604271,281008,Non-Qualified
1085564759423160131,282772,Non-Qualified
1085563939802932558,282772,Non-Qualified
1085599224050430035,266265,Non-Qualified
1085575080285764655,292061,Non-Qualified
1085581827461635811,288686,Non-Qualified
1085580075038927185,288686,Non-Qualified
1085569185740995057,285356,Non-Qualified
1085665310535042966,266605,Qualified
1085579284357327771,287437,Non-Qualified
1085274870110800026,180626,Qualified
1085272768270459959,180626,Qualified
1085274190950784471,180626,Qualified
1085290276458771627,178731,Qualified
1085303448433769131,154101,Qualified
1085256274122558403,307126,Non-Qualified
1085195937333084781,267621,Non-Qualified
1085194153469856333,267621,Non-Qualified
1085209297415590605,304739,Non-Qualified
1085251291162958531,271633,Non-Qualified
1085246693095445215,265499,Non-Qualified
1085217178832231096,265496,Non-Qualified
1085218896385337406,265496,Non-Qualified
1085221621675464618,265496,Non-Qualified
1085217714696740006,265496,Non-Qualified
1085200466838543612,286437,Non-Qualified
1085198889463372117,286437,Non-Qualified
806574771597398562,193745,Qualified
1085279999469182226,288983,Qualified
1085305250382123784,305849,Qualified
855165456904716993,193751,Qualified
825242852199286753,193751,Qualified
825243960131000864,193751,Qualified
1085221690821405324,288861,Non-Qualified
1085229140161983386,288861,Non-Qualified
1085230021348821891,288861,Non-Qualified
1085213790722351416,266605,Qualified
1085244880871629481,280175,Qualified
1085207348196113665,276044,Qualified
1084172681169121057,178731,Qualified
1084152788709118851,154101,Qualified
1084125446417908059,210393,Non-Qualified
1084129450040398849,286064,Non-Qualified
1084157292396747008,265945,Non-Qualified
1084136818760263634,289528,Non-Qualified
1083961412849665285,292061,Non-Qualified
1084143163915734633,287437,Non-Qualified
1084142003311527030,287437,Non-Qualified
1083866306395289250,285971,Non-Qualified
1083770496340868271,291932,Qualified
1083771279077436436,291969,Non-Qualified
1083780533767320187,253260,Non-Qualified
1083775163032108838,227256,Qualified
1083776893364633141,227256,Qualified
1083776471266279250,227256,Qualified
1083776141591881962,227256,Qualified
1083818815568200362,264294,Non-Qualified
1083867929755358755,264317,Non-Qualified
825243530534355069,193751,Qualified
1083761621112342287,266265,Non-Qualified
1083767891906585309,289528,Non-Qualified
1083778160521667923,292191,Non-Qualified
1083765851037520122,265234,Non-Qualified
1083442534738680703,270318,Non-Qualified
1083411544559084661,218148,Qualified
1083409534042250641,218148,Qualified
1083403185448639564,272322,Non-Qualified
1083405110877387990,277323,Non-Qualified
1083446513723735669,244590,Qualified
1083445924572111883,244590,Qualified
1083430002796350099,265945,Non-Qualified
1083405803651516339,260331,Non-Qualified
1083419548583559397,292415,Non-Qualified
1083437011486586192,287437,Non-Qualified
1083048924820495260,210393,Non-Qualified
1083050919064024840,210393,Non-Qualified
1083040506720642427,285949,Non-Qualified
1083072386680124979,267621,Non-Qualified
1083087211637901473,264294,Non-Qualified
1083071190340576133,264313,Non-Qualified
1083138232892459335,264393,Non-Qualified
1083082187518884883,266265,Non-Qualified
1083042588624020277,266265,Non-Qualified
1083057433675754101,305849,Qualified
1083058974909049708,305849,Qualified
1083130140785687340,292278,Non-Qualified
1083070517088065228,265234,Non-Qualified
1082720099456627008,283809,Non-Qualified
1082719058444399268,283809,Non-Qualified
1082719791375930175,283809,Non-Qualified
1082720645787115060,283809,Non-Qualified
1082733510323073732,286448,Non-Qualified
1082708691498819699,182418,Qualified
1082728460011127242,272102,Qualified
1082691151402205475,225520,Non-Qualified
1082754899465565480,305518,Non-Qualified
1082748663773168474,221166,Qualified
1082763335492535071,264530,Non-Qualified
1082751964920407857,265085,Non-Qualified
1082705452189964223,294192,Non-Qualified
1082704899485403892,294192,Non-Qualified
1082803454456867177,292870,Non-Qualified
1082753246288826584,276162,Non-Qualified
1082729832027642581,284339,Non-Qualified
1082718082459834591,241389,Non-Qualified
1082719851476225713,241389,Non-Qualified
1082718673053187923,241389,Non-Qualified
1082757266947017509,301033,Non-Qualified
1082712427403986611,266605,Qualified
1082734186105918349,266287,Non-Qualified
1081646292680901665,305067,Non-Qualified
1081615652207697136,220165,Non-Qualified
1081649457667744398,264530,Non-Qualified
1081634374008080446,264313,Non-Qualified
1081665743356134742,286064,Non-Qualified
1081604958696802102,196616,Non-Qualified
1081604981273723950,283587,Non-Qualified
1081610915249560604,253890,Non-Qualified
1081608237581353213,265499,Non-Qualified
825244231869112529,193751,Qualified
1081614869518206238,288861,Non-Qualified
1081615642969099629,300318,Non-Qualified
1081619971381175146,224846,Qualified
1081259994146998342,304169,Qualified
1081235999858814036,285981,Qualified
1081250627763797136,272102,Qualified
1081247423637946269,283833,Qualified
1081246316169435734,283833,Qualified
1081250870793609860,285437,Non-Qualified
1081250402119125170,285437,Non-Qualified
1081239256675368141,292853,Non-Qualified
1081241236976592667,292853,Non-Qualified
1081243707919748371,223957,Non-Qualified
1081242906265297285,223957,Non-Qualified
825222892682882774,193785,Qualified
1081243692070538618,264418,Non-Qualified
1081265388461860001,289528,Non-Qualified
1081263615418810225,289528,Non-Qualified
1081240939787506027,271409,Qualified
817202036352105190,193785,Qualified
1081235285968843537,288861,Non-Qualified
1081232706433874687,287437,Non-Qualified
1080922685272263819,271902,Qualified
1080893593286476405,253260,Non-Qualified
1080903004628402798,268576,Non-Qualified
1080882257434756563,284339,Non-Qualified
1080950671801884053,266265,Non-Qualified
1080888429002323063,265496,Non-Qualified
1080935222458911822,288686,Non-Qualified
1080920326484557854,273159,Qualified
1080919391705844810,273159,Qualified
1080925061471314985,302962,Non-Qualified
1080926171995668384,302962,Non-Qualified
1080876426858962716,264510,Non-Qualified
1080879059317097036,264510,Non-Qualified
1080502467700397900,274272,Non-Qualified
1080575180838411101,245022,Qualified
1080550560223610517,220165,Non-Qualified
1080563733572183027,218148,Qualified
1080564019451255282,218148,Qualified
1080563513375130197,218148,Qualified
1080610430886603991,264383,Non-Qualified
1080561993459162241,264294,Non-Qualified
1080561695679186784,264294,Non-Qualified
1080576642073079691,265367,Non-Qualified
1080504538215207725,285536,Non-Qualified
1080504200295755807,285536,Non-Qualified
1080609019219123324,275252,Non-Qualified
1080607475614007282,271328,Qualified
1080607655084689333,271328,Qualified
1080564424989327801,260331,Non-Qualified
1080603551000514141,283971,Qualified
1080141188531049207,187596,Qualified
1080221450157503792,283948,Qualified
1080176568389407322,284918,Qualified
1080161641822666008,270318,Non-Qualified
1080198444551854343,271633,Non-Qualified
1080196392067548286,271633,Non-Qualified
1080196860755100078,271633,Non-Qualified
1080197455932671312,271633,Non-Qualified
1080209176765701746,271328,Qualified
1080220358087106169,271328,Qualified
1080220520310937070,271328,Qualified
1080220794262182866,271328,Qualified
1080249986089031814,276162,Non-Qualified
1080249674443950436,276162,Non-Qualified
1080162945070181516,265496,Non-Qualified
1080153501622815493,284378,Non-Qualified
1080169768567098828,244991,Non-Qualified
1080182482494413763,292278,Non-Qualified
1080180432202854824,292185,Non-Qualified
1080224413989721215,271559,Qualified
1080179646012727877,247537,Non-Qualified
1079130714508816149,265496,Non-Qualified
1079118983222047805,265496,Non-Qualified
1079090975029521833,277189,Non-Qualified
1079155729697355630,257170,Non-Qualified
1078696562281091622,210393,Non-Qualified
1078783040332752566,294402,Non-Qualified
1078729877571195708,294402,Non-Qualified
1078704814474417443,272322,Non-Qualified
1078787392307911679,264530,Non-Qualified
1078790996556385925,298226,Non-Qualified
1078789082331125298,291653,Qualified
1078723662936141333,292870,Non-Qualified
1078711622217163954,268262,Non-Qualified
1078708128983055658,299154,Non-Qualified
817202434346713942,193785,Qualified
1078786600252344144,275478,Qualified
1078357326811225223,187596,Qualified
1078354240572994130,187596,Qualified
1078356597579308108,187596,Qualified
1078351769917060509,187596,Qualified
1078347759340926367,187596,Qualified
1078358720047564147,187596,Qualified
1078354957244404369,187596,Qualified
1078372647661165476,196362,Qualified
1078364963862350490,264144,Non-Qualified
1078449117467405182,193450,Non-Qualified
1078370188008088736,286901,Non-Qualified
1078367094312533713,285947,Non-Qualified
1078361491382385295,289528,Non-Qualified
1078004033280986307,274272,Non-Qualified
1078015458967102865,284432,Qualified
1077982902262505929,154101,Qualified
1077976627558236404,210393,Non-Qualified
1077986305503622528,272322,Non-Qualified
1077975682679402766,227256,Qualified
1077974122586698615,227256,Qualified
1077975195126043595,227256,Qualified
1077974572832161733,227256,Qualified
1077973828632401996,227256,Qualified
1077998728110417168,265367,Non-Qualified
1077989953499086204,285361,Non-Qualified
1078058152329053368,271633,Non-Qualified
1078063121510735217,286901,Non-Qualified
1078071439572199644,276162,Non-Qualified
1078011859171852271,272419,Non-Qualified
1077971835980791506,299154,Non-Qualified
1078060660793766558,286804,Non-Qualified
1078073785791846906,284378,Non-Qualified
1078014541901741805,245045,Non-Qualified
817201652868127550,193785,Qualified
817202673842377819,193785,Qualified
1077993215764100165,276993,Qualified
1078037627728558025,271559,Qualified
1078039143654518573,271559,Qualified
1078048530014215754,271559,Qualified
1078035295858450852,271559,Qualified
1077978134820646975,266605,Qualified
1077979203128595503,264486,Non-Qualified
1078005762548899775,264517,Non-Qualified
1077968149040604331,292873,Qualified
1077967491977694805,292873,Qualified
1078021628287729177,265234,Non-Qualified
1078070104067718078,265899,Non-Qualified
1078069642519744804,265899,Non-Qualified
1076599673512760105,291932,Qualified
1076600019537277905,291932,Qualified
1076619491163173476,196362,Qualified
1076529067159338922,283948,Qualified
1076598459011528482,254612,Non-Qualified
1076602568288149757,280015,Qualified
1076522743563214058,264294,Non-Qualified
1076605082755131720,223957,Non-Qualified
1076603869113085539,223957,Non-Qualified
1076553333944251103,268262,Non-Qualified
1076531988138851328,258239,Non-Qualified
1076548430823470834,265499,Non-Qualified
1076548921371736647,265499,Non-Qualified
1076552584112542293,266265,Non-Qualified
1076590786328947111,284378,Non-Qualified
1076581621312008019,265899,Non-Qualified
1076582053981779700,265899,Non-Qualified
1076253734201819235,182418,Qualified
1076196553170018796,292871,Non-Qualified
1076189255752427698,218148,Qualified
1076188774193064576,218148,Qualified
1076195605359235335,248663,Non-Qualified
1076172506700268260,268262,Non-Qualified
1076194177703609560,291982,Non-Qualified
1076192213805560140,287437,Non-Qualified
1076192859309304499,287437,Non-Qualified
1075817983021088405,286448,Non-Qualified
817201295357719822,193785,Qualified
1075824055052149853,291932,Qualified
1075823780693956424,291932,Qualified
1075861960699779984,238025,Qualified
1075861553766181409,238025,Qualified
817118927171447492,193785,Qualified
1075826116129331391,182418,Qualified
1075808518767200713,283948,Qualified
1075855437408639570,288726,Non-Qualified
1075835064590223044,265085,Non-Qualified
1075840977607197824,245045,Non-Qualified
1075829257081016997,289725,Qualified
1075826946442401508,266605,Qualified
1075869505165589582,264315,Non-Qualified
1075837134133776224,280175,Qualified
1075520532044144930,286448,Non-Qualified
1075468962969038424,272102,Qualified
1075468253164174651,272102,Qualified
1075469515726950962,220165,Non-Qualified
1075526936603827275,272322,Non-Qualified
1075467343724103887,264294,Non-Qualified
1075495587856378400,278959,Non-Qualified
1075518007658384320,258239,Non-Qualified
1075519378542741889,258239,Non-Qualified
1075444742160901987,199498,Non-Qualified
1075503687817248233,286289,Non-Qualified
1075125341705258413,221310,Non-Qualified
1075126248833977376,221310,Non-Qualified
1075126432558494835,221310,Non-Qualified
1075127046886075511,221310,Non-Qualified
1075129424910491850,196362,Qualified
1075136529354902298,210393,Non-Qualified
1075136737793403226,210393,Non-Qualified
1075128869934734093,264313,Non-Qualified
1075141918290189934,264292,Non-Qualified
1075096331571248761,261844,Non-Qualified
1075116903201362486,244590,Qualified
1075173147189790756,285241,Non-Qualified
1075096927334389766,268262,Non-Qualified
1075115241458752267,271409,Qualified
1075110772909835338,291982,Non-Qualified
1075092013286659698,199498,Non-Qualified
1075081378878237763,265234,Non-Qualified
1073808626054610239,221310,Non-Qualified
1073965738750055513,292557,Non-Qualified
1073809329839057691,286064,Non-Qualified
1073809112739425365,286064,Non-Qualified
1074018173869850237,259687,Non-Qualified
1073812888722146847,245206,Non-Qualified
1073811898653679400,245206,Non-Qualified
1073813770487727912,245206,Non-Qualified
1073814266736810782,245206,Non-Qualified
1073812289985020112,245206,Non-Qualified
1073814007565505612,245206,Non-Qualified
1073812607707980767,245206,Non-Qualified
1073814885133642380,245206,Non-Qualified
1073813492675713708,245206,Non-Qualified
1073814529985886151,245206,Non-Qualified
1073813191670301255,245206,Non-Qualified
1073820798939901701,288686,Non-Qualified
1073819912431093078,288686,Non-Qualified
1074054404669713938,284378,Non-Qualified
1073969707556882276,199498,Non-Qualified
1074012498820652146,264315,Non-Qualified
1074079225746348159,265137,Non-Qualified
1073640186647305552,264294,Non-Qualified
1073707473368343180,265499,Non-Qualified
805342199493051321,193785,Qualified
1073648825304597310,265137,Non-Qualified
1073688672952242655,265137,Non-Qualified
1073740149639216097,265899,Non-Qualified
1073721934109237507,265899,Non-Qualified
1073740763494651710,265899,Non-Qualified
1073294474434452859,270318,Non-Qualified
1073268235241377046,218148,Qualified
1073269589000641143,218148,Qualified
1073267904188233905,218148,Qualified
1073269328606721889,218148,Qualified
1073268584118020334,218148,Qualified
1073292169200782054,221166,Qualified
1073255777352791877,223957,Non-Qualified
1073266479949291803,286901,Non-Qualified
1073265928606258141,268262,Non-Qualified
1073271581740217878,284378,Non-Qualified
1073270469108321494,284378,Non-Qualified
1073270956995853410,284378,Non-Qualified
1073293348647796629,265234,Non-Qualified
1073005944738654766,274272,Non-Qualified
1073006463038468420,221310,Non-Qualified
1072898093701032100,221310,Non-Qualified
1072954240072179556,264313,Non-Qualified
1072897358091168981,284527,Non-Qualified
1072896917885728895,284527,Non-Qualified
1072896163521150354,284527,Non-Qualified
1072929767901176242,265218,Non-Qualified
1072930852507943905,265218,Non-Qualified
1072928315149734181,265218,Non-Qualified
1072934866525685421,265218,Non-Qualified
1072930560870342730,265218,Non-Qualified
1072931763297184982,265218,Non-Qualified
1072931431761588399,265218,Non-Qualified
1072934642459835003,265218,Non-Qualified
1072931128203993838,265218,Non-Qualified
1072935582329823279,265218,Non-Qualified
1072930091780162197,265218,Non-Qualified
805342582678916577,193785,Qualified
1072599613944838990,196362,Qualified
1072600013693102268,196362,Qualified
1072576401210476610,285981,Qualified
1072556756647069373,270318,Non-Qualified
1072554628662019952,275252,Non-Qualified
1072558962658463298,286901,Non-Qualified
1072564347633416758,260331,Non-Qualified
1072564626853473749,260331,Non-Qualified
1072578428833273574,243595,Qualified
1072568440944853783,265234,Non-Qualified
1071447126440395223,221310,Non-Qualified
1071455146941351935,286064,Non-Qualified
1071457721478995369,264569,Non-Qualified
1071552078909347146,264569,Non-Qualified
1071460909471826090,264569,Non-Qualified
1071459281834942663,264569,Non-Qualified
1071462523863638087,264569,Non-Qualified
1071547815905727688,266605,Qualified
1071555042957302828,264532,Non-Qualified
1071476307707890209,265234,Non-Qualified
1071109950284311623,286448,Non-Qualified
1071109382456313844,286448,Non-Qualified
1071110280695665645,286448,Non-Qualified
1071090140010721257,264313,Non-Qualified
1071112709284429746,223957,Non-Qualified
1071105875907092842,264488,Non-Qualified
1071106459905367207,264488,Non-Qualified
1071106747194456420,264488,Non-Qualified
1071086145641240121,185822,Qualified
1071111252740346968,268262,Non-Qualified
1070734026001974876,272102,Qualified
1070734479374744738,272102,Qualified
1070742665046350527,264313,Non-Qualified
1070834898852792099,223957,Non-Qualified
1070721568147953662,245045,Non-Qualified
1070829978685767928,266840,Non-Qualified
1070830413330910562,266840,Non-Qualified
1070740865555021171,266001,Non-Qualified
1070777171394932384,265137,Non-Qualified
1070833255714793626,280175,Qualified
1070725414011537665,247537,Non-Qualified
1070726593212756629,247537,Non-Qualified
1070722334339609189,247537,Non-Qualified
1070459205864232476,277836,Qualified
1070459585622316555,277836,Qualified
1070358841878692805,284432,Qualified
1070456249134963848,210482,Qualified
1070362333398812564,223957,Non-Qualified
1070448518500374444,285241,Non-Qualified
1070454268368066397,271409,Qualified
805342852152548329,193785,Qualified
1070025155141327839,285981,Qualified
1070032721767589876,278583,Qualified
1070031418948996737,218148,Qualified
1070093061628038316,250781,Non-Qualified
1070035634734640665,224846,Qualified
1069674323375072184,284432,Qualified
1069676543506408418,218148,Qualified
1069679500690593241,264530,Non-Qualified
1069677996773760087,264374,Non-Qualified
1069681898891975369,285241,Non-Qualified
1069671198269750540,265496,Non-Qualified
1069668010435137729,271967,Non-Qualified
1068897045170701592,227256,Qualified
1068553180929430172,284432,Qualified
1068618379941495399,218148,Qualified
1068618765082266976,218148,Qualified
1068619074332926658,218148,Qualified
1068618023867366544,218148,Qualified
1068617487128370479,218148,Qualified
1068619276931761272,218148,Qualified
1068552143102752929,264288,Non-Qualified
1068551110774493350,264288,Non-Qualified
1068551556991641786,264288,Non-Qualified
1068551315691846671,264288,Non-Qualified
1068550617213765688,264288,Non-Qualified
1068622799721879602,223957,Non-Qualified
1068542865580959852,244590,Qualified
1068546731341812446,286901,Non-Qualified
1068183646334165338,200965,Non-Qualified
1068287721835561335,264359,Non-Qualified
1068190389124138067,245206,Non-Qualified
1068185402737119713,245206,Non-Qualified
1068189908505641762,245206,Non-Qualified
1068189041649803443,245206,Non-Qualified
1068185037755656696,245206,Non-Qualified
1068188107932504287,245206,Non-Qualified
1068190980028545605,245206,Non-Qualified
1068187874613530866,245206,Non-Qualified
1068227410526309205,280175,Qualified
1067817742105511058,284432,Qualified
1067893537547938701,271902,Qualified
1067894650083094599,264530,Non-Qualified
1067467223424882632,285949,Non-Qualified
1067565038426976264,220165,Non-Qualified
1067565070854208971,220165,Non-Qualified
1067466052334725819,272322,Non-Qualified
1067518382193385126,264313,Non-Qualified
1067504152191308900,264535,Non-Qualified
1067523673320163923,259687,Non-Qualified
1067464643135998639,286901,Non-Qualified
1067465442122304024,286901,Non-Qualified
1067481029941165400,265218,Non-Qualified
1067481902167129643,265218,Non-Qualified
1067470522918452484,266605,Qualified
1067471215853823194,266605,Qualified
1067474726535717397,283442,Non-Qualified
1066445956250118231,272322,Non-Qualified
1066447022106615743,244991,Non-Qualified
1066013714060447173,284432,Qualified
1066010193148300276,287864,Non-Qualified
1066095268138203763,273159,Qualified
805341791162901784,193785,Qualified
1065650819754142050,260211,Non-Qualified
1065646768669377447,264313,Non-Qualified
1065753807093444636,264359,Non-Qualified
1065753361219044887,264359,Non-Qualified
1065752653213497496,264359,Non-Qualified
1065747762586940713,264343,Non-Qualified
1065726587274625641,286901,Non-Qualified
1065716761963210488,278327,Non-Qualified
1065729485321952777,265137,Non-Qualified
1065296623134621908,277836,Qualified
1065282463663804116,264313,Non-Qualified
1065282155992656951,264313,Non-Qualified
1065307309285987515,264313,Non-Qualified
1065297534479314259,264374,Non-Qualified
1065344276946216987,258239,Non-Qualified
1063948176924086396,238025,Qualified
1063873128965379937,264317,Non-Qualified
1063937892481086539,286901,Non-Qualified
1063908436635646179,278327,Non-Qualified
1063906599035604673,286289,Non-Qualified
1063499997259200602,224786,Qualified
1063502162605050811,264530,Non-Qualified
1063496878077597768,264294,Non-Qualified
1063496569759539378,264294,Non-Qualified
1063501039366370312,264359,Non-Qualified
1063577031797826635,265397,Non-Qualified
1063576621860858921,265397,Non-Qualified
1063577462187144419,265397,Non-Qualified
1063568942772142766,245045,Non-Qualified
1063503038964224760,266605,Qualified
1063571925681409844,280175,Qualified
1063494451408376020,265899,Non-Qualified
1063494088748108203,265899,Non-Qualified
1063179208129291930,227256,Qualified
1063178940830114739,227256,Qualified
1063145597161678781,264488,Non-Qualified
1063146348225889067,264388,Non-Qualified
1062788722069389909,264313,Non-Qualified
1062858805533650517,277189,Non-Qualified
1062503793343935609,271902,Qualified
1062394376773474100,265920,Qualified
1062457421838259076,264313,Non-Qualified
1062497507374536024,284527,Non-Qualified
1062497042764423234,284527,Non-Qualified
1062407980610950422,284527,Non-Qualified
1062458642848628639,270862,Qualified
1062419717742903342,264664,Non-Qualified
1062420701809395448,266605,Qualified
1061302718126389910,260211,Non-Qualified
1061333865411726611,264359,Non-Qualified
1060960447379840658,277836,Qualified
1060949974545321301,283948,Qualified
1061039070007190071,245093,Qualified
1061041089811222971,264292,Non-Qualified
1061043424247247314,260331,Non-Qualified
1060968951984094714,273159,Qualified
1060968301380178712,273159,Qualified
1060954407849487699,266840,Non-Qualified
1060953586869608060,273583,Non-Qualified
1060597476361104258,260211,Non-Qualified
1060598473605729871,278583,Qualified
1060580406117514285,278583,Qualified
1060586995652230409,281508,Non-Qualified
1060210465959159412,265920,Qualified
1060215554816398585,265920,Qualified
1060320279704216453,227256,Qualified
1060225947892387345,265154,Non-Qualified
1060225753125189069,265154,Non-Qualified
1060227543605879553,264314,Non-Qualified
1060226649124464117,264314,Non-Qualified
1060305031522293896,264294,Non-Qualified
1060305500169980789,264294,Non-Qualified
1060239974742189372,269596,Non-Qualified
805341097347578760,193785,Qualified
1060217420332846255,193450,Non-Qualified
1060219926060636764,193450,Non-Qualified
1060219745670102321,193450,Non-Qualified
1060219577992737521,193450,Non-Qualified
1060216527479846150,193450,Non-Qualified
1060219311014014547,193450,Non-Qualified
1060221216585048575,266287,Non-Qualified
1059958275541298690,244981,Non-Qualified
1059961105492466453,227256,Qualified
1059960695124388708,227256,Qualified
1059956549231079645,223720,Qualified
1059957129771406217,223720,Qualified
1058493463847985393,221310,Non-Qualified
1058426774212032180,221310,Non-Qualified
1058427470142003127,221310,Non-Qualified
1058493238988367491,221310,Non-Qualified
1058427910311799383,221310,Non-Qualified
1058445327992508383,276305,Non-Qualified
1058446058905743233,249440,Non-Qualified
1058495781605843946,264280,Non-Qualified
1058496271939785236,264280,Non-Qualified
1058495477887659085,264280,Non-Qualified
1058496070370006001,264280,Non-Qualified
1058044094728935602,245093,Qualified
1058113446333541902,264488,Non-Qualified
1058113101921727508,264488,Non-Qualified
1058114470727341111,245045,Non-Qualified
1057776828926849040,264530,Non-Qualified
1057777328134340813,264530,Non-Qualified
1057718203400781406,265085,Non-Qualified
1057716243588877200,264304,Non-Qualified
1057671277043841491,264304,Non-Qualified
1057774593164843904,264428,Non-Qualified
1057735809138946168,264499,Non-Qualified
1057782247119599694,223720,Qualified
1057781824223729069,223720,Qualified
1057781144504723715,223720,Qualified
1057778455054641472,265503,Non-Qualified
1057675205524175090,266001,Non-Qualified
1057674397397798775,266001,Non-Qualified
1057338870357619475,244981,Non-Qualified
1057338321195995391,278583,Qualified
1057344611864638523,218148,Qualified
1057344141032124797,218148,Qualified
1057344368404823671,218148,Qualified
1057320152568370980,264304,Non-Qualified
1057321316052785065,264304,Non-Qualified
1057316039004820859,268576,Non-Qualified
1057373896558338804,260331,Non-Qualified
1057339548422340326,266605,Qualified
1057329585604623738,266001,Non-Qualified
1057331407514049795,266001,Non-Qualified
1057335806593572854,267104,Non-Qualified
1057358392059028925,267104,Non-Qualified
1055500258135874524,224536,Qualified
1055499617249606814,224536,Qualified
1055500595153548540,224536,Qualified
1055513147120297422,264313,Non-Qualified
1055516300717939519,264488,Non-Qualified
1055509636605418902,266001,Non-Qualified
1055501705535515332,264337,Non-Qualified
1054795760667605974,262426,Qualified
1054814513313968453,270318,Non-Qualified
1054791702203294651,264359,Non-Qualified
1054785545801776376,264488,Non-Qualified
1054811897432606167,258239,Non-Qualified
1054821853363951263,245045,Non-Qualified
1054813058097426581,223720,Qualified
1054797507497476957,275478,Qualified
1054790556919567030,264486,Non-Qualified
1053768524518069222,278318,Non-Qualified
1053721813997005819,273159,Qualified
1053766783812060693,266605,Qualified
1053722862866951224,266605,Qualified
1053330198087486418,250781,Non-Qualified
1053333018131109345,264308,Non-Qualified
1053333674878582055,264308,Non-Qualified
1053331251961933920,264280,Non-Qualified
1053434770334614785,265137,Non-Qualified
1053001226668512294,264292,Non-Qualified
1052976623965328433,263364,Non-Qualified
1052981094082917301,271636,Non-Qualified
1052978812638676313,264569,Non-Qualified
1052612463975285525,210482,Qualified
1052611582341354758,210482,Qualified
1052605196835079148,249914,Non-Qualified
1052711583467874941,271636,Non-Qualified
1052628624950818714,272419,Non-Qualified
1052616680215232068,274843,Non-Qualified
820882420152000866,193810,Qualified
1052662425765347233,266605,Qualified
1052619730630026823,223720,Qualified
1052666747585800319,223720,Qualified
1052705561450900251,223720,Qualified
1052619473490780323,223720,Qualified
1052268211456207478,264313,Non-Qualified
1052355799388366082,264488,Non-Qualified
1052356069727391226,264488,Non-Qualified
1052244765698557410,271117,Non-Qualified
1052245643813406803,271117,Non-Qualified
1052245903000012371,271117,Non-Qualified
1052263804291689204,265496,Non-Qualified
1052357070469821757,245045,Non-Qualified
809663363134975733,193810,Qualified
1052262727204065801,276993,Qualified
1052349663496249476,273159,Qualified
1052350322208145916,273159,Qualified
1052352235530829148,273159,Qualified
1052350968146814501,273159,Qualified
1052269912787569564,269218,Non-Qualified
1052270123079151649,269218,Non-Qualified
1052239727513902353,265234,Non-Qualified
1052238407469055972,265234,Non-Qualified
1051261633961225819,264530,Non-Qualified
1051262593487678556,264292,Non-Qualified
1051265333914968219,266001,Non-Qualified
1051153945241883670,266001,Non-Qualified
1051263691312374813,232070,Qualified
1051263949768532833,232070,Qualified
809660423971227202,193810,Qualified
1050790104123292217,154101,Qualified
1050795061477495183,264294,Non-Qualified
1050789041082343101,259687,Non-Qualified
1050541672317405651,264488,Non-Qualified
1050546641897371708,264488,Non-Qualified
1050544207472447074,264488,Non-Qualified
1050546092970408384,264488,Non-Qualified
1050543441701252145,264488,Non-Qualified
1050543916038765809,264488,Non-Qualified
1050543683154092777,264488,Non-Qualified
1050546350513608221,264488,Non-Qualified
1050545591431276747,264488,Non-Qualified
1050544440476601559,264488,Non-Qualified
1050538864672596737,266001,Non-Qualified
1050074557629010709,261844,Non-Qualified
1050074045907510607,261844,Non-Qualified
1050181880359470661,258239,Non-Qualified
1050183230721428524,258239,Non-Qualified
1050070883109292431,273159,Qualified
1050180878700652890,266001,Non-Qualified
1050179796240120767,266001,Non-Qualified
1050185432015968614,264532,Non-Qualified
1050172969668462558,265137,Non-Qualified
1050173414980672341,265137,Non-Qualified
1050173735604279091,265137,Non-Qualified
1049750423663985935,266605,Qualified
1049751456463742735,264280,Non-Qualified
1049748361438952436,271967,Non-Qualified
1048619010031621996,179463,Qualified
809662342134890417,193810,Qualified
1048717418688976617,276064,Non-Qualified
1048718878076137531,265503,Non-Qualified
1048718688204886623,265503,Non-Qualified
1048718417368116974,265503,Non-Qualified
1048281937226389577,253951,Non-Qualified
1048283293298302999,244981,Non-Qualified
1048283065885566199,244981,Non-Qualified
1048280609994438005,265403,Non-Qualified
1047614590391169159,273755,Non-Qualified
1047603367883621042,264499,Non-Qualified
1047591972987354890,264353,Non-Qualified
1047536263319650354,273159,Qualified
1047535540512634657,273159,Qualified
1047535160326497262,273159,Qualified
1047536044160427530,273159,Qualified
1047175899058835158,218148,Qualified
1047181663449721191,264530,Non-Qualified
1047163073473941277,269596,Non-Qualified
1047161171955739682,269596,Non-Qualified
1047162138709988849,269596,Non-Qualified
1047169396034297006,269596,Non-Qualified
1047170021208793062,269596,Non-Qualified
1047174826297508857,264292,Non-Qualified
1047259685446574215,258239,Non-Qualified
1047219068077862837,265503,Non-Qualified
1047256440214068055,266001,Non-Qualified
1047173858630740753,265234,Non-Qualified
1045364208138882841,277203,Non-Qualified
1045386026857266292,227256,Qualified
1045424572708904075,249914,Non-Qualified
1045387756178453205,250781,Non-Qualified
1045388516488272564,250781,Non-Qualified
1045383756876471440,276993,Qualified
1045376203912460467,245090,Non-Qualified
1045428844519634121,266605,Qualified
1045023658852292427,264530,Non-Qualified
1044993589877292532,269596,Non-Qualified
1045021601326826336,264569,Non-Qualified
1045057424414154299,257170,Non-Qualified
1045057146615593825,257170,Non-Qualified
1044631707905995247,264313,Non-Qualified
1044644767006402941,269423,Non-Qualified
1044636253756361849,247606,Non-Qualified
1044635185350793750,248696,Non-Qualified
1044634181294960580,248696,Non-Qualified
1044632463369430950,267428,Non-Qualified
1044645993767377544,245056,Qualified
1044638542246222617,245090,Non-Qualified
1044638179754227434,245090,Non-Qualified
1044642664102865227,265403,Non-Qualified
1044641377540855986,265403,Non-Qualified
1043544373331635524,268576,Non-Qualified
1043232616784105872,227256,Qualified
1043185587958840017,265403,Non-Qualified
1042921234188320803,265352,Non-Qualified
1042489784324103450,244981,Non-Qualified
1042492296637357998,244981,Non-Qualified
1042560964423022978,264300,Non-Qualified
1042139380625432488,264317,Non-Qualified
1042106359899969200,264569,Non-Qualified
1042107817033185210,266605,Qualified
1042107474145310538,266605,Qualified
1042101430797213876,199429,Qualified
1042100218425592909,199429,Qualified
1042100496835459657,199429,Qualified
1041056898635550658,253951,Non-Qualified
1041006527161937130,221166,Qualified
1041053610355060450,264374,Non-Qualified
1040687847399106789,264317,Non-Qualified
1040688351747235411,264317,Non-Qualified
1040686986378334573,264317,Non-Qualified
1040714760233760497,266605,Qualified
1040676686369629611,266001,Non-Qualified
1040691744735884682,265403,Non-Qualified
1040692329684840450,265403,Non-Qualified
1040311014391963776,224567,Non-Qualified
1040378315445124641,264313,Non-Qualified
1040342483006214790,275259,Qualified
1040294300877698021,264784,Non-Qualified
1040303323053477123,264784,Non-Qualified
1040307798651042834,266001,Non-Qualified
1040351030810269795,232070,Qualified
1039962042663457919,264336,Non-Qualified
1039989574000006178,264373,Non-Qualified
1040007330726546558,264304,Non-Qualified
1039986338341065238,264341,Non-Qualified
809663060957398772,193810,Qualified
809660647790833233,193810,Qualified
1039993013255949577,264458,Non-Qualified
1039991706662865526,264458,Non-Qualified
1039549470033136332,226873,Non-Qualified
1039579570967359866,264360,Non-Qualified
1039552677850615152,260331,Non-Qualified
1039554091615356642,260331,Non-Qualified
1039553591907694148,260331,Non-Qualified
1039547213171654569,258239,Non-Qualified
1060302415911631465,193834,Qualified
1039551104019798141,266605,Qualified
1038567977769596775,253951,Non-Qualified
1038560447305070532,227256,Qualified
1038560774622381965,227256,Qualified
1038512701676190339,264530,Non-Qualified
1038504270926516144,264333,Non-Qualified
1038565547385447724,266170,Non-Qualified
1.04E+18,266170,Non-Qualified
1038563888089576701,266170,Non-Qualified
1038097965387971024,264754,Non-Qualified
1038096918773394149,264754,Non-Qualified
1038106217653429502,264300,Non-Qualified
1048715568401207948,193834,Qualified
1038101544565299887,266605,Qualified
1025880250158317192,193834,Qualified
1037844728312260030,264530,Non-Qualified
1037850650850022548,265117,Non-Qualified
1037738163567160177,259516,Qualified
1037464975600064856,264530,Non-Qualified
1037466442249478269,264530,Non-Qualified
1037378440334035169,264294,Non-Qualified
1037378980634587187,264294,Non-Qualified
1023282753863285542,193834,Qualified
1037376429714637074,224846,Qualified
1037118962907098419,264288,Non-Qualified
1037106666320874222,264313,Non-Qualified
1037013509809148519,258239,Non-Qualified
976494169631689301,193834,Qualified
1037010274179541117,266605,Qualified
1037117243298172545,264388,Non-Qualified
1037020444010518194,265403,Non-Qualified
1037019296313918125,265403,Non-Qualified
1037099089769688676,267104,Non-Qualified
1035920930488921708,260211,Non-Qualified
1036021927741845412,265279,Non-Qualified
1036022225638539528,265279,Non-Qualified
1036027922778789057,264317,Non-Qualified
1035916062510406104,258239,Non-Qualified
1035915307216891922,264300,Non-Qualified
1036028429763229440,264388,Non-Qualified
1035610904133449328,264292,Non-Qualified
1035552774992042634,265137,Non-Qualified
1035553403591555818,265137,Non-Qualified
1035553921300739329,265137,Non-Qualified
1035220854432879336,265085,Non-Qualified
1035209591379615651,269596,Non-Qualified
942113538154625659,193834,Qualified
910901180516614378,193834,Qualified
889921001760909950,193834,Qualified
1034851200745675693,266605,Qualified
1034868416720879973,266840,Non-Qualified
1034845068970575617,265605,Non-Qualified
1034523326036432883,264530,Non-Qualified
1034481003609911022,264754,Non-Qualified
1034508944735452004,264317,Non-Qualified
1034528787390392299,264317,Non-Qualified
1034529154205114564,264317,Non-Qualified
856970170540160098,193834,Qualified
849640004827895275,193834,Qualified
1034565545041751397,234915,Qualified
1034494662652927240,224846,Qualified
1033440064100345888,264313,Non-Qualified
1033464244525047836,261844,Non-Qualified
1033094952535445717,267497,Non-Qualified
1033106241808390656,253003,Non-Qualified
1033106984942714748,253003,Non-Qualified
1033074585108202175,253003,Non-Qualified
1033106665890923949,253003,Non-Qualified
1033105846787967984,253003,Non-Qualified
1033105312380629927,253003,Non-Qualified
1033019726399275034,260331,Non-Qualified
1032445143943515527,244981,Non-Qualified
1032738629447758798,264373,Non-Qualified
1032738074582952802,264373,Non-Qualified
1032715141504077117,264313,Non-Qualified
1032441757908624320,269596,Non-Qualified
1032326021051427093,264360,Non-Qualified
1032324293025182181,264517,Non-Qualified
1032378002866326220,265403,Non-Qualified
1032331911412063565,265403,Non-Qualified
1032331176735199981,265403,Non-Qualified
1032332956237641156,265403,Non-Qualified
1032334417371616797,265403,Non-Qualified
1031983492534658262,264530,Non-Qualified
1031941321200749986,264313,Non-Qualified
1031954689607500148,264292,Non-Qualified
1031982653600460880,264304,Non-Qualified
1031994419631297873,261844,Non-Qualified
1031943301141098025,260331,Non-Qualified
1031957339412562870,264499,Non-Qualified
1031989214152177414,264300,Non-Qualified
1031987682247152788,264382,Non-Qualified
820856914200189221,193834,Qualified
1030857229963057796,264292,Non-Qualified
1030847276842712378,253285,Non-Qualified
1030848217797856111,253285,Non-Qualified
1030847052568975381,253285,Non-Qualified
1030864994184275862,265276,Non-Qualified
1030945401742132208,264296,Non-Qualified
1030486264207535102,260211,Non-Qualified
1030485808563869745,260211,Non-Qualified
1030575047130200491,264335,Non-Qualified
1029761925678315258,239622,Non-Qualified
1029503424623135541,224536,Qualified
1029374653599739779,227256,Qualified
1029375500039795710,227256,Qualified
1029376931394660523,227256,Qualified
1029375920347443137,227256,Qualified
1029377370839229388,227256,Qualified
1029384605040945912,227522,Qualified
1029462471493136239,264313,Non-Qualified
1029506023811175022,260331,Non-Qualified
1029513683082019744,260331,Non-Qualified
814609634415764531,193834,Qualified
1029486216330315580,232070,Qualified
1028324163436156095,267497,Non-Qualified
1028322253502808224,267497,Non-Qualified
1028325373608485881,264530,Non-Qualified
1028395523484584681,264988,Non-Qualified
1028393955059733514,264393,Non-Qualified
1027961271915555063,264313,Non-Qualified
1028055483080086759,264499,Non-Qualified
1028054867471411305,264499,Non-Qualified
1028053799540642196,264499,Non-Qualified
1028057512904295074,264499,Non-Qualified
1028054385484216842,264499,Non-Qualified
847519066424101609,193882,Qualified
808162077796705004,193882,Qualified
973610664213186979,194422,Qualified
1027666560376639519,269219,Non-Qualified
817146381615090152,194593,Qualified
1027577896628130153,266840,Non-Qualified
1027225581171627511,264530,Non-Qualified
1026943415694363514,264530,Non-Qualified
1026871374351123984,267518,Non-Qualified
1026870365004614914,267518,Non-Qualified
1026900107947562328,258239,Non-Qualified
1026910380591827782,264353,Non-Qualified
817146668066013554,194593,Qualified
1026908308788673756,264784,Non-Qualified
1026907295059773453,264784,Non-Qualified
1026904860296330352,264784,Non-Qualified
1026906827996670246,264784,Non-Qualified
1025844540227820894,244808,Qualified
1025785162569068927,264311,Non-Qualified
1025816750532714520,264292,Non-Qualified
817147263550561309,194593,Qualified
1025842277208528890,264335,Non-Qualified
921543906260987780,195168,Qualified
916439335694144746,195168,Qualified
1025406246520788897,264393,Non-Qualified
1025521815029364803,264393,Non-Qualified
1025140875507699918,260211,Non-Qualified
1025053294870612970,257580,Qualified
1025115091307880476,267497,Non-Qualified
1025051634512651732,227256,Qualified
1025062201796962075,264428,Non-Qualified
1025064041485100797,264428,Non-Qualified
1025060439454029064,264428,Non-Qualified
1025063054464198492,264428,Non-Qualified
1025063456220710769,264428,Non-Qualified
913193956112589725,195168,Qualified
820883832768929348,195168,Qualified
812205951061627928,195168,Qualified
1024331229519014510,266605,Qualified
1024329585792326577,264280,Non-Qualified
1024329226434404484,264280,Non-Qualified
1023226661670719981,213607,Qualified
1023228714320201528,265085,Non-Qualified
812206150384704941,195168,Qualified
1023225519783715730,264280,Non-Qualified
1022868350090038500,264280,Non-Qualified
1022512384127639362,264754,Non-Qualified
1022581959268944361,244935,Non-Qualified
1022150073555849462,220165,Non-Qualified
1022147957483378585,260331,Non-Qualified
1022146071513203982,264546,Non-Qualified
1022230813954263359,266605,Qualified
1022143281095689849,264280,Non-Qualified
1088899827838517016,195353,Qualified
1021893019594404449,260927,Qualified
1083779443631199933,195353,Qualified
1021800220151313381,264280,Non-Qualified
1021799886296568176,264280,Non-Qualified
1021866515265850430,232070,Qualified
1020691799665056548,264313,Non-Qualified
1020694786306045211,257494,Non-Qualified
1019962738295887363,227522,Qualified
1020049280579864082,264313,Non-Qualified
1019970294205174403,264295,Non-Qualified
1019976238543410834,264295,Non-Qualified
1020077731025559425,264280,Non-Qualified
1019693776633448343,264373,Non-Qualified
1019717855075712948,264318,Non-Qualified
1019310302515552993,246516,Non-Qualified
1019267365850853459,224536,Qualified
1019268242384622359,224536,Qualified
1019268610070100343,224536,Qualified
1019273215890327803,227256,Qualified
1019252486010033773,227522,Qualified
1019255035316713754,264313,Non-Qualified
1019286293924143397,259516,Qualified
1019256768047192427,264611,Non-Qualified
1019259999036313323,264611,Non-Qualified
1019260302898331980,264611,Non-Qualified
1019259642758531775,264611,Non-Qualified
1019270576317837687,199429,Qualified
1019270960612604817,199429,Qualified
1018164752981104821,224540,Qualified
953730513507985704,195353,Qualified
850073439883987577,195353,Qualified
834142056229746606,195353,Qualified
826860447815495920,195353,Qualified
1017831377100812189,264179,Qualified
1017788209322451738,264300,Non-Qualified
1017486230067535851,264336,Non-Qualified
1017440473937016521,245093,Qualified
1017439802727296269,245093,Qualified
1017527328593290067,264313,Non-Qualified
1017529278545858959,264313,Non-Qualified
1017146677137709818,227256,Qualified
1017144245184145381,227256,Qualified
1017145033778623934,227256,Qualified
1017143688613765386,227256,Qualified
1017143118281307719,227256,Qualified
1017142133943505705,253496,Non-Qualified
1017142717922677367,253496,Non-Qualified
1017131386127860146,258239,Non-Qualified
1017128769592044998,224846,Qualified
826861073578038502,195353,Qualified
1014548348838511535,199429,Qualified
1013111135332610681,253496,Non-Qualified
1012823148809832415,258078,Non-Qualified
820891141281945923,195353,Qualified
1012028416435143503,199429,Qualified
1011657847117667537,227522,Qualified
820888893836659543,195353,Qualified
1011650552321929234,260913,Non-Qualified
1011655782764863693,245733,Non-Qualified
1011685082100590697,199429,Qualified
1010256909882765330,258078,Non-Qualified
1009878960758881965,260211,Non-Qualified
1009553690460891402,247537,Non-Qualified
1009164022896191814,227256,Qualified
1009163594605619359,227256,Qualified
1009163023790387709,227256,Qualified
1009165646492637325,227522,Qualified
1008105322426979490,220165,Non-Qualified
1008110638988767067,201762,Non-Qualified
1007652903466816465,227522,Qualified
1007674349184879467,226843,Non-Qualified
1007759986943254755,225228,Qualified
1007760719832352291,225228,Qualified
1007370942426724022,259516,Qualified
1007370024806435922,259516,Qualified
1007367630967156642,225228,Qualified
1007376176023317217,244935,Non-Qualified
1006952866523309523,244981,Non-Qualified
1007029124531782035,244935,Non-Qualified
1006666080855467498,260211,Non-Qualified
820888370004289666,195353,Qualified
820889921279704117,195353,Qualified
1004438505532823340,260199,Non-Qualified
1004135825326244990,227522,Qualified
820890287525887514,195353,Qualified
1002963034041259952,244748,Non-Qualified
1002959798349117490,247537,Non-Qualified
820890097445336648,195353,Qualified
1002232266503153834,227256,Qualified
1002236763323592888,227256,Qualified
820889365115342357,195353,Qualified
820890507571665524,195353,Qualified
1001860517735487939,224846,Qualified
1001860083419454122,224846,Qualified
1001861936348166158,224846,Qualified
1001860931422018951,224846,Qualified
1001544882649832651,232450,Non-Qualified
1000407471399544761,213607,Qualified
1000450153958851591,252112,Qualified
1000411801268225635,223767,Qualified
999704773722366425,210393,Non-Qualified
999785345082502430,257474,Non-Qualified
999783757715278408,257474,Non-Qualified
998981886422510671,224874,Qualified
997880949526286653,257580,Qualified
997138616264247835,227256,Qualified
996793962814703389,227522,Qualified
820889140100821150,195353,Qualified
996511476395245247,244994,Qualified
996514889332873069,257580,Qualified
996514664366128149,257580,Qualified
996445264147214861,227522,Qualified
996462820115888873,257474,Non-Qualified
820890816887612339,195353,Qualified
996508161994814877,223767,Qualified
820889583677936949,195353,Qualified
994991915411564013,247356,Non-Qualified
820887713173494577,195353,Qualified
820888018797054440,195353,Qualified
825217709571848401,198359,Qualified
994272728400086457,218148,Qualified
994255554277576911,224874,Qualified
994258762137203620,227256,Qualified
994259313628966339,227256,Qualified
994259831809362424,227256,Qualified
994256157098703808,227522,Qualified
992452262266820481,210393,Non-Qualified
824083796886569117,198359,Qualified
991739340907098501,223767,Qualified
991417115663486704,245022,Qualified
991415906105720955,245022,Qualified
991417982402342456,245022,Qualified
991416554976174877,245022,Qualified
991408551168574386,245022,Qualified
991383027459962486,244981,Non-Qualified
991345859978333579,226873,Non-Qualified
991384740990388467,224536,Qualified
991384306091161266,224536,Qualified
824084464726752584,198359,Qualified
990320233064474011,231635,Qualified
988854034372988344,224874,Qualified
988856963466994166,227256,Qualified
986990687634169606,244994,Qualified
987001174935075526,224874,Qualified
987001743781924700,227256,Qualified
987003230170897211,227256,Qualified
987002014571457209,227256,Qualified
987003628813605876,227256,Qualified
987000639275648740,254074,Qualified
987066334844165942,247537,Non-Qualified
986353263689272521,244994,Qualified
985174472554589034,223720,Qualified
983729119668469107,224874,Qualified
983731475944127671,227522,Qualified
983731861305747948,227522,Qualified
824083531506008668,198359,Qualified
982284384528675009,244994,Qualified
824085034005692012,198359,Qualified
981940563506527527,221166,Qualified
981960164094936211,223720,Qualified
981570990193338833,213607,Qualified
981664020511608319,243684,Non-Qualified
824082920704793585,198359,Qualified
981570369719192835,220469,Qualified
981633904089517887,223767,Qualified
979735793598989099,245206,Non-Qualified
979794241344134350,223767,Qualified
979793763960583862,223767,Qualified
816326665201147214,198359,Qualified
978681572465611232,224874,Qualified
978737508634318420,223767,Qualified
814958396049801779,198359,Qualified
977590926295551635,223767,Qualified
977592341307609210,223767,Qualified
875049972412895727,199168,Qualified
976493177939917048,247356,Non-Qualified
873622870951405771,199168,Qualified
1004395398818188815,199898,Qualified
976490599310408284,223767,Qualified
976153603459624473,247356,Non-Qualified
976148394342681047,224874,Qualified
976148655908101410,224874,Qualified
976127286623739417,227522,Qualified
976127631964531741,227522,Qualified
976128548156531700,227522,Qualified
976128062180971619,227522,Qualified
976150320843187563,248124,Non-Qualified
976168722104807395,223720,Qualified
873204580274349042,199898,Qualified
873206420258070147,199898,Qualified
1002624144977228234,200903,Qualified
994265182906582664,200903,Qualified
975046424658881969,227256,Qualified
975044836927557611,227256,Qualified
975048259807338948,227256,Qualified
975045591289095349,227256,Qualified
975055079582989322,227256,Qualified
975050216849510593,227256,Qualified
975043337843145584,227256,Qualified
974774773196735756,213143,Qualified
994264799268504647,200903,Qualified
940713996744743263,200903,Qualified
867482085867783463,200959,Qualified
839614197666887603,200959,Qualified
972498632795791296,245206,Non-Qualified
972498209696273919,245206,Non-Qualified
972501941284794052,244993,Qualified
972209622662367476,247356,Non-Qualified
972208622585733426,247356,Non-Qualified
972210811196091071,247356,Non-Qualified
972214073906300834,245045,Non-Qualified
972239994492208522,246779,Non-Qualified
972213231786110374,226843,Non-Qualified
972160854799078446,199429,Qualified
971512668616008623,246516,Non-Qualified
971411678972331341,233797,Non-Qualified
971508660286203784,225228,Qualified
971072837794236059,224874,Qualified
822118146141712681,200959,Qualified
969299852651566988,232216,Qualified
953381261494910961,202582,Qualified
946774454899836344,202582,Qualified
942111175743591804,202582,Qualified
942110195336967792,202582,Qualified
966760157318803034,224874,Qualified
966058755802412977,224874,Qualified
966058316678630919,224874,Qualified
964949070956645450,223720,Qualified
964232257401017364,232216,Qualified
964248070030878999,243684,Non-Qualified
942111736041999966,202582,Qualified
963875765843721202,225228,Qualified
962351903028498250,213143,Qualified
908756124690614167,203303,Qualified
908757035667857430,203303,Qualified
961638332290462091,223720,Qualified
961636031405470789,223720,Qualified
961636983916900769,223720,Qualified
961283118707476859,199429,Qualified
959847679157200850,213607,Qualified
908757951078527197,203303,Qualified
908755619109226174,203303,Qualified
959920183597129927,213143,Qualified
959911833081596110,213143,Qualified
959912986963736936,213143,Qualified
959912618355592916,213143,Qualified
959910571232300933,213143,Qualified
959826769054007708,243586,Qualified
959458421176476640,213607,Qualified
958792497954946185,224536,Qualified
958788071805440030,243595,Qualified
958787704100513527,243595,Qualified
958785876630954843,243595,Qualified
958448819410510394,224874,Qualified
958449252807389437,224874,Qualified
958449530896897625,224874,Qualified
958449926375485052,224874,Qualified
958454040478606700,227522,Qualified
958454567357294147,227522,Qualified
996792400547374840,208060,Qualified
958460600902947422,239961,Non-Qualified
958443568985453664,223720,Qualified
995436603644064621,208060,Qualified
907637596823069173,209520,Qualified
957288576079710383,225228,Qualified
957289284897321442,225228,Qualified
956918859054576171,213607,Qualified
956967018965319334,243684,Non-Qualified
956967430177186806,243684,Non-Qualified
956222410991793698,213607,Qualified
907637951607667690,209520,Qualified
955877383460729142,213607,Qualified
954837998419406551,239961,Non-Qualified
954838794563712075,234915,Qualified
961982589723552360,210070,Qualified
982663141879630011,210191,Qualified
979021187166464181,210191,Qualified
953362839879698277,213607,Qualified
953363099568689361,213607,Qualified
953287852127228222,227522,Qualified
953379473025748433,239961,Non-Qualified
975111917063474783,210191,Qualified
952274330298789106,213607,Qualified
951885505443561480,213143,Qualified
951985412618131033,234915,Qualified
951486799594930206,239961,Non-Qualified
975091160349387553,210191,Qualified
949814758866762415,221166,Qualified
949815770185866950,221166,Qualified
975090224009217349,210191,Qualified
949765376086213300,225228,Qualified
949375021378778484,225228,Qualified
948995986000044296,213607,Qualified
948995606793618900,213607,Qualified
948997284405178146,215723,Non-Qualified
949000418913716669,225228,Qualified
975091350719959913,210191,Qualified
875491706112820374,211115,Qualified
875044334388514120,211115,Qualified
871120067383611292,211115,Qualified
870336340421253821,211115,Qualified
869934090671977303,211115,Qualified
946526452174190355,231635,Qualified
946074569746666236,224874,Qualified
946076530861800316,224874,Qualified
946075053098835522,224874,Qualified
946078274355281082,224874,Qualified
946073691802658597,224874,Qualified
946077585111881090,224874,Qualified
946072319493341966,224874,Qualified
946166294511883147,213607,Qualified
944619553222338261,224567,Non-Qualified
944000315934820592,234915,Qualified
943571816250237448,218743,Non-Qualified
916442999735968366,211250,Qualified
921547139243199580,211892,Non-Qualified
1001865454671016780,213426,Qualified
996443670644574535,213426,Qualified
942104054917593969,224540,Qualified
942103468827480757,224540,Qualified
942104379156746475,224540,Qualified
941778243007253693,215723,Non-Qualified
941020355980693015,213607,Qualified
908729329297635081,214703,Qualified
940615060070893823,227522,Qualified
940614531216036266,227522,Qualified
940711874364592111,215723,Non-Qualified
938533981806319348,231635,Qualified
902674763120371966,214703,Qualified
900830410821483507,214703,Qualified
938182419118351056,227522,Qualified
938180804925033581,227522,Qualified
938181952639802788,227522,Qualified
938179501095770911,227522,Qualified
937090783871277643,224536,Qualified
898285432517423935,214703,Qualified
1081252058266232205,216734,Qualified
934556477055809648,213607,Qualified
933547417486146712,215723,Non-Qualified
967060658438702941,216734,Qualified
930550990655413205,224874,Qualified
963876811527555250,216734,Qualified
928419099591793992,224247,Non-Qualified
962064513969498888,216734,Qualified
959863481272509425,216734,Qualified
955881355944301934,217409,Qualified
953676609887579655,217409,Qualified
920665290131204808,217671,Qualified
920665556009659629,217671,Qualified
913191094509875315,217671,Qualified
958442786999733040,218516,Qualified
957421446829303470,218516,Qualified
950827103600141641,218516,Qualified
946826294957176010,218516,Qualified
946825868518880945,218516,Qualified
946825647577644419,218516,Qualified
953728664983848038,219367,Qualified
957270270682952430,221610,Qualified
930536172039549730,224931,Non-Qualified
959900846416467196,225702,Non-Qualified
935994560062828833,228263,Qualified
935996833922678348,228263,Qualified
1052607277914675121,228529,Qualified
1052292354401127549,228529,Qualified
994635363894140717,235119,Qualified
981938139112771237,235119,Qualified
976511485795504557,235119,Qualified
973944078532123173,235119,Qualified
973944603145159012,235119,Qualified
1091447723797191212,235440,Qualified
1011661491489168411,236914,Qualified
948332027654986010,237057,Qualified
947220972917607438,237057,Qualified
1035191063382114488,242390,Qualified
1025408248278571977,242390,Qualified
893175074760267871,154101,Qualified
1024711775151649536,242390,Qualified
1017800258906087982,242390,Qualified
1017798499506355457,242390,Qualified
1017798819893539037,242390,Qualified
1021783030359714754,243392,Qualified
1017868931029439264,243392,Qualified
1012445112576101822,243392,Qualified
1004396254426192482,243392,Qualified
1004055591968390404,243392,Qualified
1001864529871404773,243392,Qualified
977585446275148262,246236,Qualified
970074209917483999,246236,Qualified
981566874238539160,248821,Qualified
969321850964514375,248821,Qualified
969321452708179055,248821,Qualified
973681448660864881,250480,Qualified
992171414180232590,256367,Non-Qualified
865980532206447125,154101,Qualified
865337196239528942,154101,Qualified
1040016397428543099,264364,Qualified
1040015320924704951,264364,Qualified
1039548270194100723,264364,Qualified
1037937254321980870,264364,Qualified
1037470282352316980,264364,Qualified
1037095988933871206,264364,Qualified
850075177951217145,154101,Qualified
1034839479751495670,264364,Qualified
1034841859546993255,264364,Qualified
1034501070082813137,264364,Qualified
1034503427953041835,264364,Qualified
1031985326721913425,264364,Qualified
1029414183375057837,264364,Qualified
836714146247903628,154101,Qualified
836633138087212851,201762,Non-Qualified
1028031933697539261,264364,Qualified
1028003295650238072,264364,Qualified
1028004022597999761,264364,Qualified
827615836361828283,154101,Qualified
1027582579099229693,264364,Qualified
1026894858791545308,264364,Qualified
1025869012535949496,264364,Qualified
1025049650179944557,264364,Qualified
1025049944809611628,264364,Qualified
1103376656293317364,265430,Qualified
1103376964040554689,265430,Qualified
1103377653857581526,265430,Qualified
1103378041646919673,265430,Qualified
1103378415089173371,265430,Qualified
1102972107345086643,265430,Qualified
1101523840492792096,265430,Qualified
1101615353488829756,265430,Qualified
1101618615066700952,265430,Qualified
1101614264032562263,265430,Qualified
1101617603979858764,265430,Qualified
1101616213375076889,265430,Qualified
1101590220970600214,265430,Qualified
1101612798171604611,265430,Qualified
1101580747367961733,265430,Qualified
1101608947866284187,265430,Qualified
1101584744307803080,265430,Qualified
1101201509701913013,265430,Qualified
1101202072990589389,265430,Qualified
1101201813758787879,265430,Qualified
1100456425663196406,265430,Qualified
1099350131553924062,265430,Qualified
1097964452772536864,265430,Qualified
1097963831972875835,265430,Qualified
1097963133876822247,265430,Qualified
1097919513972656521,265430,Qualified
1097958088902193532,265430,Qualified
1095772415066235122,265430,Qualified
1095772967821776982,265430,Qualified
817187223596271925,154101,Qualified
817186603547639393,154101,Qualified
817187395990405325,154101,Qualified
1095419636213615246,265430,Qualified
1095418950635523436,265430,Qualified
1095418251726922957,265430,Qualified
1095418623208871510,265430,Qualified
1093972463936755061,265430,Qualified
1093972031211645491,265430,Qualified
1092927055421388756,265430,Qualified
1092925327443822580,265430,Qualified
1092925075211739119,265430,Qualified
1090289981163886841,265430,Qualified
1090289151138192191,265430,Qualified
1090289706122181485,265430,Qualified
812198186294043070,154101,Qualified
812197351229478304,154101,Qualified
812197651357484042,154101,Qualified
1090287390613656430,265430,Qualified
1090290205080061825,265430,Qualified
1090287912341218006,265430,Qualified
1090287109820568054,265430,Qualified
1090289447439367617,265430,Qualified
1090288191141151885,265430,Qualified
1090287656003748213,265430,Qualified
1090288893673905898,265430,Qualified
1090286786609885640,265430,Qualified
1086671547138113261,265430,Qualified
1085936309026978775,265430,Qualified
1086027579898093666,265430,Qualified
1085279646942490786,265430,Qualified
1085230021348821891,265430,Qualified
1085229140161983386,265430,Qualified
1081614869518206238,265430,Qualified
1081235285968843537,265430,Qualified
1078715055450188650,265430,Qualified
1075823308515440876,265430,Qualified
1075825753002526497,265430,Qualified
1073659069849272390,265430,Qualified
1072599366940280076,265430,Qualified
1070024340041924535,265430,Qualified
1065735153155856286,266411,Qualified
1050791234734825695,266411,Qualified
1037843770025507276,266411,Qualified
1092857857213865165,290536,Qualified
1092858031144652688,290536,Qualified
1092918510824599301,290536,Qualified
1090655571509731436,290536,Qualified
1085221690821405324,290536,Qualified
1078064910412208884,290536,Qualified
1078065774819656573,290536,Qualified