user_id,reason,wallet_id
511863,e9y record expired,1372982966813928096
455290,e9y record expired,1321547687119487798
369189,e9y record expired,1197248876716270277
402451,e9y record expired,1241270095171907198
327902,e9y record expired,1116773539706729865
495243,e9y record expired,1352371789638642934
407910,e9y record expired,1250349791870340996
361638,e9y record expired,1179414109156192093
480262,e9y record expired,1336360653991265732
334011,e9y record expired,1131749898501696840
398382,e9y record expired,1308179402169487037
357014,e9y record expired,1236401612453028373
233104,e9y record expired,1238198805048090839
287518,e9y record expired,1083527984509041429
335177,e9y record expired,1132745984966187872
415665,e9y record expired,1261337648617052962
474464,e9y record expired,1341562565251975994
392111,e9y record expired,1248773210922227097
340223,e9y record expired,1198323469517502277
1827,e9y record expired,1239259842857676811
378335,e9y record expired,1254075128760754266
420127,e9y record expired,1268363282782140704
300318,e9y record expired,1076957421900464083
377081,e9y record expired,1257306811979813770
415691,e9y record expired,1261346803062574500
410617,e9y record expired,1261597426822213899
420924,e9y record expired,1321596757459549845
307249,e9y record expired,1326979783723085891
369632,e9y record expired,1194771311103374788
449449,e9y record expired,1304141800660087126
485752,e9y record expired,1342891449690030699
331712,e9y record expired,1146852765922538782
395068,e9y record expired,1278082358230910463
360117,e9y record expired,1175097994243120635
286051,e9y record expired,1062463645137754070
304228,e9y record expired,1082750221327465309
473407,e9y record expired,1329885230794586971
331362,e9y record expired,1204839969434151343
372174,e9y record expired,1217190322459850330
385158,e9y record expired,1213869971614962725
336664,e9y record expired,1146636449982612170
264300,e9y record expired,1172592375207686073
279984,e9y record expired,1204825251643871176
292727,e9y record expired,1074680570758883031
337994,e9y record expired,1139004466296412183
383291,e9y record expired,1210990724422118689
337808,e9y record expired,1176868183018971024
329153,e9y record expired,1119673485815664321
329645,e9y record expired,1121182673402619822
343143,e9y record expired,1247991966920961753
329311,e9y record expired,1120176962917543520
380065,e9y record expired,1210315247024078852
433457,e9y record expired,1299097719001324648
449515,e9y record expired,1303823265026096751
486241,e9y record expired,1343458462600114402
402611,e9y record expired,1242898978651082464
465486,e9y record expired,1339630113964500407
445630,e9y record expired,1341490391558693602
188713,e9y record expired,1304165957917507861
433763,e9y record expired,1302013665552915567
357079,e9y record expired,1233788409619507360
418596,e9y record expired,1325117259961539834
395732,e9y record expired,1240393835184953458
273178,e9y record expired,1101262120012425309
417536,e9y record expired,1271588527451724925
467314,e9y record expired,1328954071980272964
379308,e9y record expired,1205278202770691761
359418,e9y record expired,1199495068755400731
421422,e9y record expired,1269059080642852961
419345,e9y record expired,1273284491753546874
326889,e9y record expired,1329850896044332216
325022,e9y record expired,1213180833683062438
356718,e9y record expired,1207839498303527363
487319,e9y record expired,1354158977561371109
432933,e9y record expired,1286728951026563104
504326,e9y record expired,1364736062487146252
425863,e9y record expired,1278837168977832624
454249,e9y record expired,1308857530732743370
379901,e9y record expired,1224728757082774642
449042,e9y record expired,1304141479692082585
392390,e9y record expired,1224054861579608207
264559,e9y record expired,1238515195024334640
418227,e9y record expired,1293351680921855171
438735,e9y record expired,1292520901835500174
379616,e9y record expired,1238938906926780164
502726,e9y record expired,1378188326042353191
421760,e9y record expired,1269385414659826841
329726,e9y record expired,1213116299481928670
343482,e9y record expired,1171410114655496848
224931,e9y record expired,929020370345790456
374137,e9y record expired,1319309627773250012
332589,e9y record expired,1299734803375290164
473361,e9y record expired,1329874269039733416
364724,e9y record expired,1355613140287657141
396540,e9y record expired,1381239976224070105
430726,e9y record expired,1282889365997482794
403730,e9y record expired,1248004559515851377
266974,e9y record expired,1022718618927501252
378546,e9y record expired,1206328542321996095
408046,e9y record expired,1250567856144200209
433921,e9y record expired,1286475379088986891
333618,e9y record expired,1131622079185225278
323476,e9y record expired,1106286897178559270
347284,e9y record expired,1192685460303606660
326705,e9y record expired,1125459099796305237
363997,e9y record expired,1208179591237501829
371945,e9y record expired,1214934926846882637
391788,e9y record expired,1225116050231075883
390335,e9y record expired,1230673409434569897
354844,e9y record expired,1171108207581724266
277785,e9y record expired,1066409834123596458
418588,e9y record expired,1265800412805766417
292639,e9y record expired,1080458155341967380
450532,e9y record expired,1304551187818243602
330753,e9y record expired,1351878400134191793
482082,e9y record expired,1337813562250849416
454335,e9y record expired,1340135716170624512
373797,e9y record expired,1301709779961009395
480760,e9y record expired,1336733417232759613
389220,e9y record expired,1218759695568143833
248663,e9y record expired,1072887481520587212
225520,e9y record expired,1070681672417459863
394284,e9y record expired,1227626305379921967
360075,e9y record expired,1174991259303993774
379225,e9y record expired,1225243114354493278
292871,e9y record expired,1073677411867030330
371483,e9y record expired,1201903653205080376
364139,e9y record expired,1184514988233003141
263047,e9y record expired,1080136440203102360
331592,e9y record expired,1129089422074669494
356820,e9y record expired,1171770726657782102
263476,e9y record expired,1161049648714027083
270485,e9y record expired,1193186170247712236
323858,e9y record expired,1169030115511415032
224917,e9y record expired,1113604017135456695
307500,e9y record expired,1084851264948118596
358796,e9y record expired,1174720807411300645
349097,e9y record expired,1167765613560107925
257035,e9y record expired,1070700909226744078
322770,e9y record expired,1131194868475760337
302042,e9y record expired,1099349091017720562
318542,e9y record expired,1096186187828441877
262600,e9y record expired,1118812009970730983
332520,e9y record expired,1128188969075207731
292163,e9y record expired,1078333132443889990
297625,e9y record expired,1095701342539709298
264144,e9y record expired,1076492516710311395
312420,e9y record expired,1088413235816680867
452413,e9y record expired,1306684406123163717
472094,e9y record expired,1331617548127490716
484271,e9y record expired,1350529368064063292
224214,e9y record expired,1071087073414261165
332673,e9y record expired,1128787377595931199
362353,e9y record expired,1183016429594441108
302273,e9y record expired,1192155413650444624
377713,e9y record expired,1224550999328288050
396204,e9y record expired,1232932056457896198
401395,e9y record expired,1239965210358752063
390503,e9y record expired,1314396630997426070
389075,e9y record expired,1218600184259925829
331309,e9y record expired,1218588814816764446
415304,e9y record expired,1260975621403635228
435745,e9y record expired,1347072491792973250
450687,e9y record expired,1324815158958075895
411421,e9y record expired,1334934015858496633
430775,e9y record expired,1300129516487786019
403331,e9y record expired,1242885700577821617
394322,e9y record expired,1227652784062822672
337331,e9y record expired,1137244038331195192
355025,e9y record expired,1169726383465986909
422014,e9y record expired,1270037139608423534
411990,e9y record expired,1257742597428673383
399821,e9y record expired,1250321084734609871
339900,e9y record expired,1276208666479881075
266635,e9y record expired,1068582380444496476
267422,e9y record expired,1250924814763810200
285953,e9y record expired,1062421081177491715
247086,e9y record expired,1194513678560359007
291655,e9y record expired,1075895701543547630
373072,e9y record expired,1199412309425788110
485801,e9y record expired,1342901895554582130
458027,e9y record expired,1314687714290613025
487688,e9y record expired,1347603597561305571
421814,e9y record expired,1271509900147715419
328523,e9y record expired,1119322096418469833
437936,e9y record expired,1293478212150658294
382753,e9y record expired,1212038923630543938
335583,e9y record expired,1339053247954210434
425787,e9y record expired,1327026556816309398
354170,e9y record expired,1219364260893203422
467148,e9y record expired,1337145423557040584
401834,e9y record expired,1240364800500683712
365631,e9y record expired,1242064324044791924
366658,e9y record expired,1216154752273234873
388497,e9y record expired,1220170673823329222
486180,e9y record expired,1343308604398500504
454352,e9y record expired,1308956335489991512
373461,e9y record expired,1285705354956934202
484904,e9y record expired,1341856426408848798
368513,e9y record expired,1196813660095850425
440023,e9y record expired,1294236471119847605
472621,e9y record expired,1329526331062846663
370172,e9y record expired,1193683433615661255
357723,e9y record expired,1171343175092952521
353044,e9y record expired,1163642318371494682
383934,e9y record expired,1212426545217240224
275227,e9y record expired,1209607772237662493
427089,e9y record expired,1303869277912568515
419811,e9y record expired,1304108012008575113
216276,e9y record expired,1090658164043260206
464739,e9y record expired,1324497995854192018
398224,e9y record expired,1311679396035500232
451370,e9y record expired,1308602762951917421
383736,e9y record expired,1222995616317384692
376415,e9y record expired,1297193163213093393
462943,e9y record expired,1323780196601426212
451245,e9y record expired,1323826548869506851
371822,e9y record expired,1271532576461005674
377799,e9y record expired,1202629136234611136
393932,e9y record expired,1227204704393167524
315581,e9y record expired,1132123517837747067
390009,e9y record expired,1220172679366762019
432418,e9y record expired,1290999638928833059
371017,e9y record expired,1336344057200849415
398361,e9y record expired,1235314155033469093
484961,e9y record expired,1342248677157504179
465380,e9y record expired,1327078008238625204
396167,e9y record expired,1337109802050870536
264754,e9y record expired,1022322746147274514
264313,e9y record expired,1014924115920244301
264331,e9y record expired,1030154642221856224
417620,e9y record expired,1264322855638627383
452580,e9y record expired,1306760751514315612
411899,e9y record expired,1258914567303874356
379082,e9y record expired,1204497870500155817
440725,e9y record expired,1295057385089604846
410042,e9y record expired,1253744921060126847
269219,e9y record expired,1027604143309010438
290975,e9y record expired,1070193277012279700
264327,e9y record expired,1146456186872477569
394331,e9y record expired,1232122075640009629
302122,e9y record expired,1192476685631409979
285429,e9y record expired,1082015018805326397
264309,e9y record expired,1014922407465617289
290071,e9y record expired,1070758426054904214
375969,e9y record expired,1260246142270153042
378333,e9y record expired,1251327743254372598
303368,e9y record expired,1164727705200960740
274128,e9y record expired,1329907981343995152
323356,e9y record expired,1247977882704949572
403205,e9y record expired,1260686987175070646
345004,e9y record expired,1152749474843543559
409310,e9y record expired,1252782544566639047
331310,e9y record expired,1124706923160752722
286792,e9y record expired,1155181896849778619
359301,e9y record expired,1174699738561663614
346665,e9y record expired,1284201339121761148
458122,e9y record expired,1314772354950169305
440640,e9y record expired,1348464275224995655
359348,e9y record expired,1203089051810534148
367535,e9y record expired,1192597490297420369
484900,e9y record expired,1341850142653668780
481822,e9y record expired,1337517554114754521
425742,e9y record expired,1273695745764709512
305518,e9y record expired,1081643818991719081
285201,e9y record expired,1271550874548768296
357726,e9y record expired,1171390125884584457
440156,e9y record expired,1295142046676744799
391486,e9y record expired,1332578677310113723
372960,e9y record expired,1197603524165783417
361652,e9y record expired,1179436370704329581
402875,e9y record expired,1241826034207827002
418436,e9y record expired,1280906172422495549
348546,e9y record expired,1293587387428037701
349109,e9y record expired,1161309131088645837
417789,e9y record expired,1265021362002913079
372867,e9y record expired,1331604984076605147
261959,e9y record expired,1007531503763991032
317648,e9y record expired,1103434750728733705
248676,e9y record expired,1079856753050686727
352737,e9y record expired,1162905334745702229
327451,e9y record expired,1135663335723636163
287615,e9y record expired,1148002974098135749
257494,e9y record expired,1004463262650446784
247356,e9y record expired,971623243533811955
244998,e9y record expired,990050118741574019
249626,e9y record expired,1103394720268393987
245022,e9y record expired,976529683647159219
368081,e9y record expired,1264312644728582830
474416,e9y record expired,1371571837611670743
265228,e9y record expired,1328851795134586758
389024,e9y record expired,1218369436545899652
335666,e9y record expired,1175933034778127039
327075,e9y record expired,1187443103124014129
326707,e9y record expired,1214705987988695532
377087,e9y record expired,1201961867173207654
331913,e9y record expired,1126682740342778459
326890,e9y record expired,1121122861331887340
481499,e9y record expired,1337868061390297335
307294,e9y record expired,1269012194399646002
253890,e9y record expired,992077971244920141
404285,e9y record expired,1244067965552013921
370769,e9y record expired,1194656403745105071
362131,e9y record expired,1199429648309334591
362262,e9y record expired,1190386835642168631
258239,e9y record expired,1012434190650803034
329771,e9y record expired,1121479541706803662
260331,e9y record expired,1007788095271292504
307171,e9y record expired,1083883793819893471
405647,e9y record expired,1248323813829640541
477707,e9y record expired,1333894120152324693
485933,e9y record expired,1343753075811801661
359421,e9y record expired,1174151575129141241
436577,e9y record expired,1316174870856818697
387442,e9y record expired,1222360142526531886
358769,e9y record expired,1178903605394427354
357724,e9y record expired,1283287621690009971
358632,e9y record expired,1183088238683749742
392031,e9y record expired,1231129656469799420
356174,e9y record expired,1247327222399419540
451902,e9y record expired,1306295303939664254
348687,e9y record expired,1299783243842146718
265605,e9y record expired,1020379731062783137
292557,e9y record expired,1073415427303284736
471601,e9y record expired,1329157378221163212
455756,e9y record expired,1315864395334277371
422643,e9y record expired,1270701380012731003
276763,e9y record expired,1208404276987731238
407335,e9y record expired,1249040283053362042
265741,e9y record expired,1133915711004521788
264383,e9y record expired,1080168955063879289
264338,e9y record expired,1014927208787613097
264347,e9y record expired,1101999721727884640
374527,e9y record expired,1207039396529361261
396346,e9y record expired,1262961072896849812
265504,e9y record expired,1275547190610513787
443029,e9y record expired,1296842747482826380
459341,e9y record expired,1316844936557586474
387293,e9y record expired,1218179469435666808
288487,e9y record expired,1337198827148089185
426839,e9y record expired,1275533696532111543
273088,e9y record expired,1314340883201160859
407901,e9y record expired,1279236739393556716
332554,e9y record expired,1222480547781629428
376047,e9y record expired,1249786296182255127
395949,e9y record expired,1230624353787616294
434456,e9y record expired,1293724519288364191
350796,e9y record expired,1160246562849224970
326661,e9y record expired,1118405871898810302
452151,e9y record expired,1308517008057482031
393186,e9y record expired,1226209706302549811
315667,e9y record expired,1228118868445144006
369732,e9y record expired,1263584829018572847
441859,e9y record expired,1296208202436990162
399412,e9y record expired,1237528167708738922
361184,e9y record expired,1177994224836948004
403141,e9y record expired,1243648382744336840
389505,e9y record expired,1222344604877074687
377830,e9y record expired,1202637254763427679
480358,e9y record expired,1345149450679527022
461503,e9y record expired,1322040618840288405
464259,e9y record expired,1324408655141204324
392519,e9y record expired,1224654709167789128
373833,e9y record expired,1291068098965802549
425254,e9y record expired,1273268748456152730
315841,e9y record expired,1162730151390109173
373557,e9y record expired,1271832044693479529
318988,e9y record expired,1100481918447625508
388794,e9y record expired,1218076430426315708
447014,e9y record expired,1301776963000433598
391495,e9y record expired,1231159215810870844
451177,e9y record expired,1305536827626774877
410787,e9y record expired,1255511075430343666
444269,e9y record expired,1303482079020879645
479280,e9y record expired,1334902958309876422
410958,e9y record expired,1289701765881601145
376392,e9y record expired,1274422778904498498
402734,e9y record expired,1242626977856348814
385630,e9y record expired,1227374746365826904
351511,e9y record expired,1164675747259154511
331566,e9y record expired,1156179123177401675
262227,e9y record expired,1069248996647311092
257813,e9y record expired,1098046218896199198
220165,e9y record expired,933362414505892589
261844,e9y record expired,1007668953204721039
450349,e9y record expired,1389660695306536349
408439,e9y record expired,1251724067223204842
425777,e9y record expired,1273720436185458770
456692,e9y record expired,1313678181952328081
391885,e9y record expired,1223311358958336212
348433,e9y record expired,1197235835460439568
428885,e9y record expired,1278989573537007214
451737,e9y record expired,1316214257325139755
370912,e9y record expired,1298278946513032101
395007,e9y record expired,1301920173069689600
286799,e9y record expired,1256518453823053638
367875,e9y record expired,1192123494841516873
315887,e9y record expired,1200118606109753390
403754,e9y record expired,1300468745222891385
368305,e9y record expired,1192264614571184700
411712,e9y record expired,1256683641489836871
410059,e9y record expired,1253867522151916870
510566,e9y record expired,1371865857219337807
480715,e9y record expired,1370348477448631558
213143,e9y record expired,951611600377397121
321553,e9y record expired,1228057433997187588
393247,e9y record expired,1266173524759770583
351163,e9y record expired,1161294925856746591
324115,e9y record expired,1140011687465219636
428111,e9y record expired,1282629780807939142
362725,e9y record expired,1199496783572079240
400242,e9y record expired,1263023472674631327
318036,e9y record expired,1217479703345751303
391831,e9y record expired,1223281479080647959
389778,e9y record expired,1219997363501143397
315009,e9y record expired,1091117138166844997
345540,e9y record expired,1152677312611957346
372810,e9y record expired,1197378068586613969
362077,e9y record expired,1195912695710590329
369305,e9y record expired,1192932040593594298
371962,e9y record expired,1195843512571710127
327892,e9y record expired,1123279802911977894
327988,e9y record expired,1116890149063751640
330203,e9y record expired,1122208016222584005
388896,e9y record expired,1253351409569501008
450258,e9y record expired,1304291423717973697
421237,e9y record expired,1269297439162716163
442114,e9y record expired,1335707542947126984
409714,e9y record expired,1259197113437315434
416654,e9y record expired,1263126412613928007
456925,e9y record expired,1313597269231189374
331617,e9y record expired,1128772831441887652
396328,e9y record expired,1231412467100947641
428473,e9y record expired,1278366626915536244
455300,e9y record expired,1311080795531482539
426731,e9y record expired,1275461260425453938
418489,e9y record expired,1273692728541920529
410991,e9y record expired,1255686071506256446
365997,e9y record expired,1191557339408282724
369064,e9y record expired,1192918382705414139
446148,e9y record expired,1304557299282659984
457215,e9y record expired,1317560525454646068
459899,e9y record expired,1318676719963863660
414676,e9y record expired,1265664619936857711
374619,e9y record expired,1198642709072749705
379637,e9y record expired,1294118237696352017
372259,e9y record expired,1247071902654122556
447193,e9y record expired,1301572717298529120
435368,e9y record expired,1288584239353454980
441332,e9y record expired,1334717850783878788
416063,e9y record expired,1266331291480593959
405424,e9y record expired,1246213954230483215
333347,e9y record expired,1138833548335619935
398380,e9y record expired,1255610558106956743
401898,e9y record expired,1250456501539407968
457304,e9y record expired,1314048913517641404
352026,e9y record expired,1283825274792182326
369287,e9y record expired,1192930759344790786
378860,e9y record expired,1204750027523661235
393042,e9y record expired,1263358083154294563
389564,e9y record expired,1219700684333405277
445424,e9y record expired,1299430069898260256
394820,e9y record expired,1232815312540874261
402399,e9y record expired,1253761289316422203
373546,e9y record expired,1279491146805007471
452320,e9y record expired,1306634963628958929
376329,e9y record expired,1200514974636105015
403183,e9y record expired,1242593360262058087
392165,e9y record expired,1237948517020094642
368682,e9y record expired,1192948642321759966
369916,e9y record expired,1194682157531781808
380897,e9y record expired,1239895447738746981
370128,e9y record expired,1193596683717041199
385715,e9y record expired,1301383034896900749
434853,e9y record expired,1294039581492701081
395306,e9y record expired,1256177383016203452
427866,e9y record expired,1276972749601775333
328243,e9y record expired,1267770917124330338
396858,e9y record expired,1232759300831977093
369368,e9y record expired,1294723575924446168
425282,e9y record expired,1273313390820044153
440637,e9y record expired,1294729227534490575
411299,e9y record expired,1275518400946392295
435744,e9y record expired,1290693918554197234
419319,e9y record expired,1266852840835243523
348919,e9y record expired,1298291331498645069
415729,e9y record expired,1261362888314078648
216675,e9y record expired,1247731005952800428
393541,e9y record expired,1225908524295934452
287711,e9y record expired,1262860477134198483
311805,e9y record expired,1122547404189145273
396645,e9y record expired,1246468747282411265
179463,e9y record expired,1047419959619082210
303771,e9y record expired,1103562029862280871
372678,e9y record expired,1262929233158878349
344055,e9y record expired,1212813009631946103
319393,e9y record expired,1096479940311519610
370598,e9y record expired,1210962650906981217
410336,e9y record expired,1305642903102853748
436118,e9y record expired,1290790966832703092
391663,e9y record expired,1238589285378485634
269113,e9y record expired,1047321513932585292
371145,e9y record expired,1231299916605888127
355641,e9y record expired,1183200523589221839
387312,e9y record expired,1245443846279235456
288464,e9y record expired,1156661710890210485
286565,e9y record expired,1152652242700728359
430873,e9y record expired,1283133465035605123
354253,e9y record expired,1165008477925463179
357503,e9y record expired,1294856126738718282
358781,e9y record expired,1173787795003857019
357451,e9y record expired,1172972687173521413
390177,e9y record expired,1222250171039276219
327317,e9y record expired,1115669948363633651
291714,e9y record expired,1179863756457485279
425305,e9y record expired,1278460068812639571
333450,e9y record expired,1129861645987750029
371950,e9y record expired,1208871809218981669
375953,e9y record expired,1200117635455255358
325764,e9y record expired,1191881764733582663
331959,e9y record expired,1126582812119407820
445339,e9y record expired,1299420870171468069
385685,e9y record expired,1273045705708696895
313773,e9y record expired,1174839842509307255
377309,e9y record expired,1263284032729434471
448645,e9y record expired,1308868483910591446
390783,e9y record expired,1255523452730223262
388731,e9y record expired,1218362805892319305
407614,e9y record expired,1250439882109206656
323570,e9y record expired,1105918120144210252
408720,e9y record expired,1299061466757804351
374085,e9y record expired,1246501747987566964
397374,e9y record expired,1287413312240785119
395869,e9y record expired,1337846008770077478
414918,e9y record expired,1260725224704036847
395189,e9y record expired,1240297945108290862
333994,e9y record expired,1134477481848834711
316108,e9y record expired,1091779376481397357
402459,e9y record expired,1241089143846775323
374175,e9y record expired,1265413503629080972
292840,e9y record expired,1138805832797037572
323472,e9y record expired,1168042045869885127
387856,e9y record expired,1217017794222028199
451562,e9y record expired,1305988557068110200
377865,e9y record expired,1204545259083521493
428808,e9y record expired,1278842302898659449
437808,e9y record expired,1291614981403796230
97905,e9y record expired,1272984613975887637
392674,e9y record expired,1232710533186051686
331325,e9y record expired,1287763982745511946
380829,e9y record expired,1212498983164601122
407239,e9y record expired,1251913813394777124
389806,e9y record expired,1220020750809622489
375031,e9y record expired,1200170155204897781
395147,e9y record expired,1232121254412354492
358758,e9y record expired,1232857294474739122
21298,e9y record expired,1150527032287252849
360205,e9y record expired,1200125301987622904
365381,e9y record expired,1186511352652055236
365725,e9y record expired,1187084465337824351
287293,e9y record expired,1064409794335570248
409466,e9y record expired,1268272428323571008
431804,e9y record expired,1284623213112330654
371771,e9y record expired,1203444108619867738
360137,e9y record expired,1224806950562572371
342417,e9y record expired,1154880151604367913
359545,e9y record expired,1174370863133390544
378510,e9y record expired,1249711765432263623
416524,e9y record expired,1262900402181901185
391740,e9y record expired,1246467287536967656
375998,e9y record expired,1200150279583713145
411859,e9y record expired,1257130027772620762
407546,e9y record expired,1249565247232393591
403407,e9y record expired,1242921104617063190
389527,e9y record expired,1220007874985853245
410417,e9y record expired,1254673497180291850
444664,e9y record expired,1298703227197024603
355867,e9y record expired,1168617561347692379
248909,e9y record expired,1082646365848248288
412510,e9y record expired,1258857264640598734
290022,e9y record expired,1157072107780822527
406241,e9y record expired,1247667229024126920
321334,e9y record expired,1291084189930859578
351972,e9y record expired,1162010665269712650
388126,e9y record expired,1217264835366090396
411163,e9y record expired,1376216532075248356
328077,e9y record expired,1217167281552519289
356817,e9y record expired,1278333968595326656
352892,e9y record expired,1166824195487514971
416493,e9y record expired,1273106322282577638
406055,e9y record expired,1247541606076282341
373652,e9y record expired,1261411479388111030
437386,e9y record expired,1299088590855296796
408801,e9y record expired,1266920440433390959
338170,e9y record expired,1137437071065627645
354602,e9y record expired,1373735866122316892
356368,e9y record expired,1187895763302741801
369207,e9y record expired,1192902301479319554
385268,e9y record expired,1289366618496167487
383179,e9y record expired,1210736402960214838
337729,e9y record expired,1255222096674191838
339474,e9y record expired,1187044528373467178
373124,e9y record expired,1197671994842605649
432463,e9y record expired,1284577631531505649
178710,e9y record expired,1060722212815525744
369924,e9y record expired,1212411482831996902
390012,e9y record expired,1220174075280793644
388385,e9y record expired,1217582303598707880
304875,e9y record expired,1084171377093231023
439454,e9y record expired,1346849146173528050
418974,e9y record expired,1268645092665893440
286437,e9y record expired,1074631900751914492
373056,e9y record expired,1253525302298712957
331306,e9y record expired,1124689881123255918
248412,e9y record expired,969393422002801929
448779,e9y record expired,1303440958652532985
389867,e9y record expired,1276191144472645857
346548,e9y record expired,1156249638235542252
428689,e9y record expired,1283048490027282686
353974,e9y record expired,1164680872144285277
272106,e9y record expired,1088236891975541123
285860,e9y record expired,1263262213669537413
361207,e9y record expired,1179759356070402115
340292,e9y record expired,1142055319431742512
390000,e9y record expired,1283241111195675874
378715,e9y record expired,1260766044712582543
399107,e9y record expired,1241875092605861361
383564,e9y record expired,1212020088808773735
353782,e9y record expired,1164711044987323603
387313,e9y record expired,1220489530285039289
409809,e9y record expired,1253861672180365510
359947,e9y record expired,1174815478187237275
357152,e9y record expired,1180247350842861319
379412,e9y record expired,1205435687885693453
271933,e9y record expired,1072992224573590848
389390,e9y record expired,1219466455245779347
370269,e9y record expired,1266305719502269064
390898,e9y record expired,1225260963106192066
412602,e9y record expired,1258857825482650425
392749,e9y record expired,1255187243008609300
396896,e9y record expired,1232785000554280847
270882,e9y record expired,1262157846929283165
184609,e9y record expired,1271966052621832355
380264,e9y record expired,1207194016190280115
411034,e9y record expired,1256762589378739742
366941,e9y record expired,1190341202214249403
403627,e9y record expired,1246531046501503604
398551,e9y record expired,1236338358752293506
337411,e9y record expired,1137211535062852677
379320,e9y record expired,1205567071663308405
395088,e9y record expired,1228789687055965509
351946,e9y record expired,1161942057161976842
197886,e9y record expired,1130043395696077165
404886,e9y record expired,1245771886151996862
378151,e9y record expired,1202743105366693205
429038,e9y record expired,1279138262852659012
369755,e9y record expired,1193262523026164226
361039,e9y record expired,1248555036363102695
385716,e9y record expired,1225425981505209202
391256,e9y record expired,1223253063609217392
360859,e9y record expired,1180669082770381677
324742,e9y record expired,1171462110870767409
415738,e9y record expired,1261615666838767083
337203,e9y record expired,1282768582495578544
391904,e9y record expired,1228082408311134250
369485,e9y record expired,1220779850214851949
342951,e9y record expired,1147260316427305603
319296,e9y record expired,1096376388968188994
377084,e9y record expired,1201948032009907966
337381,e9y record expired,1383107056832214948
415507,e9y record expired,1261150460408827209
383916,e9y record expired,1286492851996823195
430226,e9y record expired,1303852843744635174
379983,e9y record expired,1207755738500442104
286435,e9y record expired,1093964014039548048
428708,e9y record expired,1278795352616090969
388088,e9y record expired,1219332617485275681
377986,e9y record expired,1271867372570876397
396510,e9y record expired,1232133229761515846
383698,e9y record expired,1230655212177951924
394878,e9y record expired,1238288626832652525
369200,e9y record expired,1192897732108380450
286434,e9y record expired,1101913017607066301
377869,e9y record expired,1202655420938942429
362630,e9y record expired,1181478458847452811
357427,e9y record expired,1170758781258870233
289818,e9y record expired,1081914530668105190
377884,e9y record expired,1202657920048111393
378428,e9y record expired,1284501009571450050
353467,e9y record expired,1164196269647272481
375326,e9y record expired,1199600002013721212
386238,e9y record expired,1215345871338340066
405413,e9y record expired,1277990501253281177
401613,e9y record expired,1240149748404113138
360302,e9y record expired,1175417076977626805
401291,e9y record expired,1239826646847065946
357286,e9y record expired,1170137992607294239
376296,e9y record expired,1200577643286101457
260458,e9y record expired,1035003520993737046
364701,e9y record expired,1185187995587564371
288594,e9y record expired,1230919939140252689
422907,e9y record expired,1270838443246079151
401617,e9y record expired,1253740320692972006
372609,e9y record expired,1197260798061839325
317650,e9y record expired,1169007131609650081
363549,e9y record expired,1188271770419529319
284466,e9y record expired,1143692495403908335
443485,e9y record expired,1297291435191817412
397453,e9y record expired,1233546237120180164
353852,e9y record expired,1203153706238253771
384043,e9y record expired,1212484557118067976
383766,e9y record expired,1214722934216866680
327662,e9y record expired,1116650319638961728
374644,e9y record expired,1251503073870035844
375093,e9y record expired,1199422466880942633
412778,e9y record expired,1261814554846586063
376956,e9y record expired,1205008618575889905
370049,e9y record expired,1274042918986275768
373394,e9y record expired,1208805755941337040
384513,e9y record expired,1213047049290376369
355593,e9y record expired,1216143870794280650
393985,e9y record expired,1236390196529148446
307304,e9y record expired,1084209181977078908
196306,e9y record expired,1216081286460639074
330924,e9y record expired,1167844081454122631
420808,e9y record expired,1268634962868485315
328339,e9y record expired,1217482297795813187
360371,e9y record expired,1175534040375722036
347377,e9y record expired,1238644045818793363
377655,e9y record expired,1250948368404326303
358522,e9y record expired,1174008148666786591
380009,e9y record expired,1205772893366932882
298047,e9y record expired,1075883347620936956
331918,e9y record expired,1279179718344855391
393234,e9y record expired,1228365644593759746
284694,e9y record expired,1062419422454499381
332787,e9y record expired,1167175126301667154
329964,e9y record expired,1124643738027617970
378058,e9y record expired,1237873154244427765
356383,e9y record expired,1229819873918067543
378172,e9y record expired,1206011683180701017
305926,e9y record expired,1088853057894946098
307626,e9y record expired,1128030764561744658
384781,e9y record expired,1213219352191182748
395065,e9y record expired,1278373831330480171
373676,e9y record expired,1275799078657627006
384311,e9y record expired,1260599897726101847
396734,e9y record expired,1232542027952598045
325083,e9y record expired,1116822204823895963
339231,e9y record expired,1210022015409487101
290822,e9y record expired,1222191780351726511
375432,e9y record expired,1199731588472120228
399918,e9y record expired,1239949505487299524
372594,e9y record expired,1197252293442175871
384867,e9y record expired,1213270194674486196
332228,e9y record expired,1137327340118053731
367832,e9y record expired,1216044917055429042
395947,e9y record expired,1238138368339056852
372215,e9y record expired,1205974368700217118
321238,e9y record expired,1109878302387616862
369733,e9y record expired,1194703445634851540
265085,e9y record expired,1017040837011750309
320131,e9y record expired,1126982797639054492
371918,e9y record expired,1197733160191369845
306296,e9y record expired,1108990657607106002
315539,e9y record expired,1092862287796795810
347982,e9y record expired,1175156092225448540
397345,e9y record expired,1233461394638552071
368480,e9y record expired,1204499255094301350
320903,e9y record expired,1151923064613979524
327191,e9y record expired,1166997340529017801
371672,e9y record expired,1200776976992271132
362989,e9y record expired,1181996872941276086
359553,e9y record expired,1174375685060964287
278298,e9y record expired,1290716629440103296
403554,e9y record expired,1244264678935542735
298950,e9y record expired,1242873753375490134
326264,e9y record expired,1112976770167159876
379283,e9y record expired,1232717290655975403
388250,e9y record expired,1217868783680765578
370974,e9y record expired,1194736050853921671
283442,e9y record expired,1059320166800372348
355829,e9y record expired,1171472394618259203
326263,e9y record expired,1112975839922652940
246516,e9y record expired,971440871711399274
327668,e9y record expired,1116294197388230579
326267,e9y record expired,1121271274859887402
326292,e9y record expired,1113039568807035458
244808,e9y record expired,1025472180392509965
240876,e9y record expired,950941070329854073
276305,e9y record expired,1054947828715366949
326295,e9y record expired,1137415498813875778
326367,e9y record expired,1137376152512966883
326041,e9y record expired,1139342059312852738
365328,e9y record expired,1190307801373661899
370181,e9y record expired,1193726730460259108
373235,e9y record expired,1197911986683676661
335505,e9y record expired,1204217289195878263
392181,e9y record expired,1223670716515491302
362564,e9y record expired,1187058696755532898
372786,e9y record expired,1197342734103800776
389714,e9y record expired,1219805737946014808
408968,e9y record expired,1251573362641429422
350566,e9y record expired,1161424626986821060
252590,e9y record expired,1197215453933178921
387016,e9y record expired,1220598506710975993
342265,e9y record expired,1146480177985494324
326814,e9y record expired,1215472590217679279
328522,e9y record expired,1166451318543995782
343469,e9y record expired,1148655019019690282
292435,e9y record expired,1172569845111693841
377804,e9y record expired,1203361092900836056
374601,e9y record expired,1243441951191250032
376050,e9y record expired,1200164582357988809
368273,e9y record expired,1200171197829434275
376038,e9y record expired,1225556464900833484
368018,e9y record expired,1240773781747588003
323954,e9y record expired,1106670683339319704
367503,e9y record expired,1191506305301394608
329374,e9y record expired,1124793985755234046
389554,e9y record expired,1220398256826210412
383275,e9y record expired,1210983937866855007
390108,e9y record expired,1220393783520862278
336458,e9y record expired,1134404850988988286
327887,e9y record expired,1118211680539178075
385884,e9y record expired,1215073350522150059
348451,e9y record expired,1161417937228863663
391617,e9y record expired,1223391081226251276
371883,e9y record expired,1199795521081827224
334123,e9y record expired,1131168948257866111
363105,e9y record expired,1187563932523811345
375502,e9y record expired,1199772601652055984
324557,e9y record expired,1108449168858868933
393156,e9y record expired,1230709394013300453
369794,e9y record expired,1193265519277701632
271559,e9y record expired,1032328366544230165
307850,e9y record expired,1085644931938854681
352735,e9y record expired,1164335972443251027
348437,e9y record expired,1157729919414430432
371778,e9y record expired,1207768895226047186
348005,e9y record expired,1157696800901623863
331314,e9y record expired,1204873110125015524
283417,e9y record expired,1131043063870475049
371929,e9y record expired,1195809468025684184
370322,e9y record expired,1197587100443921051
332342,e9y record expired,1132064105258453885
383100,e9y record expired,1210662510117706753
362751,e9y record expired,1192880169306115132
383317,e9y record expired,1211007370381036887
390207,e9y record expired,1300616127664921427
368034,e9y record expired,1192599149694577628
370925,e9y record expired,1194700919672661840
368095,e9y record expired,1200453000144325649
363324,e9y record expired,1198106458954303840
362887,e9y record expired,1195441526743483151
362944,e9y record expired,1195593887638529171
362848,e9y record expired,1191904343820312670
375732,e9y record expired,1200228039461594901
390273,e9y record expired,1220551435628243117
366827,e9y record expired,1196543883680845227
362902,e9y record expired,1197765823926276626
389989,e9y record expired,1220213104072682173
362914,e9y record expired,1198107245117047800
362696,e9y record expired,1191906088009784415
373443,e9y record expired,1198317410094460383
284277,e9y record expired,1084594058323449524
367724,e9y record expired,1192832841924989934
373925,e9y record expired,1202739766104696479
382822,e9y record expired,1210289485661331970
388510,e9y record expired,1254919064672223796
363433,e9y record expired,1271569058636347421
264348,e9y record expired,1179183194760371549
374853,e9y record expired,1213172970201492853
362931,e9y record expired,1181809730398602547
376772,e9y record expired,1200933621187196638
372504,e9y record expired,1212403054786409792
370880,e9y record expired,1200184643805024722
378873,e9y record expired,1218240371072728900
407325,e9y record expired,1250202793952473495
378987,e9y record expired,1208575734530793648
387977,e9y record expired,1217266798907409870
367944,e9y record expired,1193367153095566497
304071,e9y record expired,1089408591666937905
348899,e9y record expired,1184159087950992867
224846,e9y record expired,928825783641771475
373386,e9y record expired,1197978075919479342
347633,e9y record expired,1156683681430051867
335727,e9y record expired,1192150176213890376
340593,e9y record expired,1173298728382226590
290512,e9y record expired,1072887308926459795
248696,e9y record expired,973950804725253416
264510,e9y record expired,1078944995349631505
264486,e9y record expired,1015873285831632064
332107,e9y record expired,1126992179906607832
262966,e9y record expired,1015071610405068895
213607,e9y record expired,929758289941212649
337364,e9y record expired,1219649823757038569
300113,e9y record expired,1193939945507260965
341094,e9y record expired,1206287445128492990
344045,e9y record expired,1164251587330006916
340913,e9y record expired,1172156774770584267
384522,e9y record expired,1252729552114147508
367624,e9y record expired,1263138998252938573
346081,e9y record expired,1163983794894674827
343118,e9y record expired,1187910314531255522
352811,e9y record expired,1162905378712645607
354507,e9y record expired,1165342129775150358
339072,e9y record expired,1167191926686442529
354874,e9y record expired,1192908543120165430
345727,e9y record expired,1196832611590706397
244991,e9y record expired,1037138188343285999
385419,e9y record expired,1214637601093239233
378274,e9y record expired,1203004182403439073
285398,e9y record expired,1061331638441148345
267399,e9y record expired,1100759878039079402
307939,e9y record expired,1085734512277535780
283798,e9y record expired,1059871331019943835
370959,e9y record expired,1194716761456163135
368831,e9y record expired,1205301512698241834
353949,e9y record expired,1192892565143560864
369072,e9y record expired,1193025849569658657
368811,e9y record expired,1197623788334152962
379165,e9y record expired,1204533672269191480
303902,e9y record expired,1117084707179723012
318048,e9y record expired,1093612881618823304
285202,e9y record expired,1069840873397792407
280175,e9y record expired,1053060530582363535
355576,e9y record expired,1192502138089658906
359210,e9y record expired,1173971635686069679
344713,e9y record expired,1312095253295651629
344874,e9y record expired,1153778447553574355
378882,e9y record expired,1204122070222461300
323440,e9y record expired,1105862294291527492
227522,e9y record expired,932748550734783270
359088,e9y record expired,1173492713266363895
367700,e9y record expired,1199907869524724073
389887,e9y record expired,1223074196476125867
358690,e9y record expired,1192590093154087405
381443,e9y record expired,1235341152089179094
371200,e9y record expired,1195336046258630425
216335,e9y record expired,1191580675083810646
370888,e9y record expired,1204483843987106797
379601,e9y record expired,1207364062364892278
378701,e9y record expired,1203472665101506218
378708,e9y record expired,1203455748519466023
371314,e9y record expired,1195092293841679959
415307,e9y record expired,1265720987677252785
345269,e9y record expired,1159949577169820312
344453,e9y record expired,1232167828745561575
347928,e9y record expired,1182805428742342165
345212,e9y record expired,1151962393810961595
13686,e9y record expired,1170031217737581833
346658,e9y record expired,1188648808596565792
343694,e9y record expired,1149031286686248504
342642,e9y record expired,1154114086353997865
343752,e9y record expired,1190661489233796764
369685,e9y record expired,1193235667969157252
359995,e9y record expired,1192897823383295704
369984,e9y record expired,1193321588800685220
264985,e9y record expired,1145004896764207446
326035,e9y record expired,1112020686720847490
370855,e9y record expired,1194672608965095888
372688,e9y record expired,1197290223950649962
356050,e9y record expired,1168644436893277739
343439,e9y record expired,1151927180893206335
359449,e9y record expired,1237896363102160404
359346,e9y record expired,1180208532918791162
359263,e9y record expired,1179156449569438907
359252,e9y record expired,1179122223868400809
359886,e9y record expired,1207066128930439579
353239,e9y record expired,1193346623437706346
362362,e9y record expired,1180966628436923707
364062,e9y record expired,1184268037137672302
359249,e9y record expired,1223682888305208423
362261,e9y record expired,1184629996935102312
360405,e9y record expired,1176699255600352818
376265,e9y record expired,1201036705901137924
371449,e9y record expired,1195807811368944265
360141,e9y record expired,1175120739278088446
376334,e9y record expired,1205598298439561423
376250,e9y record expired,1246255562035828893
368111,e9y record expired,1192514381881942668
351650,e9y record expired,1192879074448700024
265154,e9y record expired,1057466642367923156
346627,e9y record expired,1154511386154887005
267578,e9y record expired,1067938024640253899
287704,e9y record expired,1065327926991972709
331212,e9y record expired,1169264173907316835
330243,e9y record expired,1124431009999741856
325167,e9y record expired,1109582372721098868
365373,e9y record expired,1194810472294074761
331760,e9y record expired,1126221787260154111
303505,e9y record expired,1165013873896678592
241389,e9y record expired,1070176145951503265
367450,e9y record expired,1199418774072682041
281508,e9y record expired,1055604480817560261
277547,e9y record expired,1072914191319188877
259735,e9y record expired,1082752382162110201
321577,e9y record expired,1101302849876405233
354993,e9y record expired,1166501578840863176
361693,e9y record expired,1230546703730990703
273960,e9y record expired,1179591690148895345
326344,e9y record expired,1116877647936761372
330473,e9y record expired,1131285998139054711
264393,e9y record expired,1024513214960731822
270318,e9y record expired,1036639784400536694
343175,e9y record expired,1147646878773073403
381748,e9y record expired,1224850492724621830
322201,e9y record expired,1103047344200382007
332034,e9y record expired,1126760604138162554
303972,e9y record expired,1080579436600697573
340524,e9y record expired,1143579157911457397
333858,e9y record expired,1131272938758534676
315963,e9y record expired,1113948245761272987
291520,e9y record expired,1071142008601295741
360537,e9y record expired,1207318100686391425
344219,e9y record expired,1357045855434467582
324809,e9y record expired,1126262507032312717
272419,e9y record expired,1045073204911835753
337293,e9y record expired,1176982646428830780